सी. नं.,प्रेदेश,जिल्ला कोड,साविकको गाविस/नगरपालिका,साविक वडा नं.,गाँउपालिका/नगरपालिका,हाल कायम वडा नं
1,6,64,बीरेन्द्रनगर,1,बीरेन्द्रनगरनगरपालिका,1
2,6,64,बीरेन्द्रनगर,2,बीरेन्द्रनगरनगरपालिका,1
3,6,64,बीरेन्द्रनगर,19,बीरेन्द्रनगरनगरपालिका,2
4,6,64,बीरेन्द्रनगर,20,बीरेन्द्रनगरनगरपालिका,2
5,6,64,बीरेन्द्रनगर,25,बीरेन्द्रनगरनगरपालिका,2
6,6,64,बीरेन्द्रनगर,18,बीरेन्द्रनगरनगरपालिका,3
7,6,64,बीरेन्द्रनगर,3,बीरेन्द्रनगरनगरपालिका,4
8,6,64,बीरेन्द्रनगर,4,बीरेन्द्रनगरनगरपालिका,4
9,6,64,बीरेन्द्रनगर,5,बीरेन्द्रनगरनगरपालिका,5
10,6,64,बीरेन्द्रनगर,6,बीरेन्द्रनगरनगरपालिका,6
11,6,64,बीरेन्द्रनगर,7,बीरेन्द्रनगरनगरपालिका,7
12,6,64,बीरेन्द्रनगर,8,बीरेन्द्रनगरनगरपालिका,7
13,6,64,बीरेन्द्रनगर,9,बीरेन्द्रनगरनगरपालिका,8
14,6,64,बीरेन्द्रनगर,10,बीरेन्द्रनगरनगरपालिका,8
15,6,64,बीरेन्द्रनगर,15,बीरेन्द्रनगरनगरपालिका,9
16,6,64,बीरेन्द्रनगर,17,बीरेन्द्रनगरनगरपालिका,9
17,6,64,बीरेन्द्रनगर,14,बीरेन्द्रनगरनगरपालिका,10
18,6,64,बीरेन्द्रनगर,16,बीरेन्द्रनगरनगरपालिका,10
19,6,64,बीरेन्द्रनगर,13,बीरेन्द्रनगरनगरपालिका,11
20,6,64,बीरेन्द्रनगर,21,बीरेन्द्रनगरनगरपालिका,11
21,6,64,बीरेन्द्रनगर,11,बीरेन्द्रनगरनगरपालिका,12
22,6,64,बीरेन्द्रनगर,12,बीरेन्द्रनगरनगरपालिका,12
23,6,64,बीरेन्द्रनगर,22,बीरेन्द्रनगरनगरपालिका,13
24,6,64,बीरेन्द्रनगर,23,बीरेन्द्रनगरनगरपालिका,13
25,6,64,बीरेन्द्रनगर,24,बीरेन्द्रनगरनगरपालिका,13
26,6,64,गढी,1,बीरेन्द्रनगरनगरपालिका,14
27,6,64,गढी,2,बीरेन्द्रनगरनगरपालिका,14
28,6,64,गढी,3,बीरेन्द्रनगरनगरपालिका,14
29,6,64,गढी,4,बीरेन्द्रनगरनगरपालिका,14
30,6,64,गढी,5,बीरेन्द्रनगरनगरपालिका,14
31,6,64,गढी,6,बीरेन्द्रनगरनगरपालिका,14
32,6,64,गढी,7,बीरेन्द्रनगरनगरपालिका,14
33,6,64,गढी,8,बीरेन्द्रनगरनगरपालिका,14
34,6,64,गढी,9,बीरेन्द्रनगरनगरपालिका,14
35,6,64,रतु,1,बीरेन्द्रनगरनगरपालिका,15
36,6,64,रतु,2,बीरेन्द्रनगरनगरपालिका,15
37,6,64,रतु,3,बीरेन्द्रनगरनगरपालिका,15
38,6,64,रतु,4,बीरेन्द्रनगरनगरपालिका,15
39,6,64,रतु,5,बीरेन्द्रनगरनगरपालिका,15
40,6,64,रतु,6,बीरेन्द्रनगरनगरपालिका,15
41,6,64,रतु,7,बीरेन्द्रनगरनगरपालिका,15
42,6,64,रतु,8,बीरेन्द्रनगरनगरपालिका,15
43,6,64,रतु,9,बीरेन्द्रनगरनगरपालिका,15
44,6,64,गर्पन,1,बीरेन्द्रनगरनगरपालिका,16
45,6,64,गर्पन,2,बीरेन्द्रनगरनगरपालिका,16
46,6,64,गर्पन,3,बीरेन्द्रनगरनगरपालिका,16
47,6,64,गर्पन,4,बीरेन्द्रनगरनगरपालिका,16
48,6,64,गर्पन,5,बीरेन्द्रनगरनगरपालिका,16
49,6,64,गर्पन,6,बीरेन्द्रनगरनगरपालिका,16
50,6,64,गर्पन,7,बीरेन्द्रनगरनगरपालिका,16
51,6,64,गर्पन,8,बीरेन्द्रनगरनगरपालिका,16
52,6,64,गर्पन,9,बीरेन्द्रनगरनगरपालिका,16
53,6,64,लेखपराजुल,1,भेरीगंगा नगरपालिका,1
54,6,64,लेखपराजुल,2,भेरीगंगा नगरपालिका,1
55,6,64,लेखपराजुल,3,भेरीगंगा नगरपालिका,2
56,6,64,लेखपराजुल,4,भेरीगंगा नगरपालिका,2
57,6,64,लेखपराजुल,5,भेरीगंगा नगरपालिका,2
58,6,64,लेखपराजुल,6,भेरीगंगा नगरपालिका,2
59,6,64,लेखपराजुल,7,भेरीगंगा नगरपालिका,3
60,6,64,लेखपराजुल,8,भेरीगंगा नगरपालिका,3
61,6,64,लेखपराजुल,9,भेरीगंगा नगरपालिका,3
62,6,64,भेरीगंगा,9,भेरीगंगा नगरपालिका,4
63,6,64,भेरीगंगा,10,भेरीगंगा नगरपालिका,4
64,6,64,भेरीगंगा,8,भेरीगंगा नगरपालिका,5
65,6,64,भेरीगंगा,1,भेरीगंगा नगरपालिका,6
66,6,64,भेरीगंगा,4,भेरीगंगा नगरपालिका,6
67,6,64,भेरीगंगा,5,भेरीगंगा नगरपालिका,7
68,6,64,भेरीगंगा,6,भेरीगंगा नगरपालिका,8
69,6,64,भेरीगंगा,7,भेरीगंगा नगरपालिका,8
70,6,64,भेरीगंगा,2,भेरीगंगा नगरपालिका,9
71,6,64,भेरीगंगा,3,भेरीगंगा नगरपालिका,9
72,6,64,भेरीगंगा,12,भेरीगंगा नगरपालिका,10
73,6,64,भेरीगंगा,13,भेरीगंगा नगरपालिका,11
74,6,64,भेरीगंगा,14,भेरीगंगा नगरपालिका,11
75,6,64,भेरीगंगा,11,भेरीगंगा नगरपालिका,12
76,6,64,भेरीगंगा,15,भेरीगंगा नगरपालिका,13
77,6,64,भेरीगंगा,16,भेरीगंगा नगरपालिका,13
78,6,64,मालारानी,1,गुर्भाकोट नगरपालिका,1
79,6,64,मालारानी,2,गुर्भाकोट नगरपालिका,1
80,6,64,मालारानी,3,गुर्भाकोट नगरपालिका,1
81,6,64,मालारानी,4,गुर्भाकोट नगरपालिका,1
82,6,64,मालारानी,5,गुर्भाकोट नगरपालिका,1
83,6,64,मालारानी,6,गुर्भाकोट नगरपालिका,2
84,6,64,मालारानी,7,गुर्भाकोट नगरपालिका,2
85,6,64,मालारानी,8,गुर्भाकोट नगरपालिका,2
86,6,64,मालारानी,9,गुर्भाकोट नगरपालिका,2
87,6,64,धारापानी,1,गुर्भाकोट नगरपालिका,3
88,6,64,धारापानी,2,गुर्भाकोट नगरपालिका,3
89,6,64,धारापानी,3,गुर्भाकोट नगरपालिका,3
90,6,64,धारापानी,4,गुर्भाकोट नगरपालिका,3
91,6,64,धारापानी,5,गुर्भाकोट नगरपालिका,3
92,6,64,धारापानी,6,गुर्भाकोट नगरपालिका,3
93,6,64,धारापानी,7,गुर्भाकोट नगरपालिका,3
94,6,64,धारापानी,8,गुर्भाकोट नगरपालिका,3
95,6,64,धारापानी,9,गुर्भाकोट नगरपालिका,3
96,6,64,सहारे,4,गुर्भाकोट नगरपालिका,4
97,6,64,सहारे,5,गुर्भाकोट नगरपालिका,4
98,6,64,सहारे,6,गुर्भाकोट नगरपालिका,4
99,6,64,सहारे,1,गुर्भाकोट नगरपालिका,5
100,6,64,सहारे,2,गुर्भाकोट नगरपालिका,5
101,6,64,सहारे,3,गुर्भाकोट नगरपालिका,5
102,6,64,शुभाघाट,15,गुर्भाकोट नगरपालिका,6
103,6,64,शुभाघाट,16,गुर्भाकोट नगरपालिका,6
104,6,64,शुभाघाट,13,गुर्भाकोट नगरपालिका,7
105,6,64,शुभाघाट,17,गुर्भाकोट नगरपालिका,7
106,6,64,शुभाघाट,11,गुर्भाकोट नगरपालिका,8
107,6,64,शुभाघाट,12,गुर्भाकोट नगरपालिका,8
108,6,64,सहारे,7,गुर्भाकोट नगरपालिका,9
109,6,64,सहारे,8,गुर्भाकोट नगरपालिका,9
110,6,64,सहारे,9,गुर्भाकोट नगरपालिका,9
111,6,64,शुभाघाट,3,गुर्भाकोट नगरपालिका,10
112,6,64,शुभाघाट,1,गुर्भाकोट नगरपालिका,11
113,6,64,शुभाघाट,2,गुर्भाकोट नगरपालिका,11
114,6,64,शुभाघाट,4,गुर्भाकोट नगरपालिका,12
115,6,64,शुभाघाट,5,गुर्भाकोट नगरपालिका,12
116,6,64,शुभाघाट,6,गुर्भाकोट नगरपालिका,12
117,6,64,शुभाघाट,7,गुर्भाकोट नगरपालिका,13
118,6,64,शुभाघाट,8,गुर्भाकोट नगरपालिका,13
119,6,64,शुभाघाट,9,गुर्भाकोट नगरपालिका,14
120,6,64,शुभाघाट,10,गुर्भाकोट नगरपालिका,14
121,6,64,सालकोट,1,पञ्चपुरी नगरपालिका,1
122,6,64,सालकोट,2,पञ्चपुरी नगरपालिका,1
123,6,64,सालकोट,3,पञ्चपुरी नगरपालिका,1
124,6,64,सालकोट,4,पञ्चपुरी नगरपालिका,2
125,6,64,सालकोट,5,पञ्चपुरी नगरपालिका,2
126,6,64,सालकोट,6,पञ्चपुरी नगरपालिका,3
127,6,64,सालकोट,7,पञ्चपुरी नगरपालिका,3
128,6,64,सालकोट,8,पञ्चपुरी नगरपालिका,3
129,6,64,सालकोट,9,पञ्चपुरी नगरपालिका,3
130,6,64,बाबियाचौर,6,पञ्चपुरी नगरपालिका,4
131,6,64,बाबियाचौर,7,पञ्चपुरी नगरपालिका,4
132,6,64,बाबियाचौर,9,पञ्चपुरी नगरपालिका,4
133,6,64,बाबियाचौर,1,पञ्चपुरी नगरपालिका,5
134,6,64,बाबियाचौर,2,पञ्चपुरी नगरपालिका,5
135,6,64,बाबियाचौर,3,पञ्चपुरी नगरपालिका,5
136,6,64,बाबियाचौर,4,पञ्चपुरी नगरपालिका,6
137,6,64,बाबियाचौर,5,पञ्चपुरी नगरपालिका,6
138,6,64,बाबियाचौर,8,पञ्चपुरी नगरपालिका,6
139,6,64,छाप्रे,1,पञ्चपुरी नगरपालिका,7
140,6,64,छाप्रे,2,पञ्चपुरी नगरपालिका,7
141,6,64,छाप्रे,3,पञ्चपुरी नगरपालिका,7
142,6,64,छाप्रे,4,पञ्चपुरी नगरपालिका,7
143,6,64,छाप्रे,5,पञ्चपुरी नगरपालिका,7
144,6,64,छाप्रे,6,पञ्चपुरी नगरपालिका,7
145,6,64,छाप्रे,7,पञ्चपुरी नगरपालिका,7
146,6,64,छाप्रे,8,पञ्चपुरी नगरपालिका,7
147,6,64,छाप्रे,9,पञ्चपुरी नगरपालिका,7
148,6,64,विद्यापुर,5,पञ्चपुरी नगरपालिका,8
149,6,64,विद्यापुर,6,पञ्चपुरी नगरपालिका,8
150,6,64,विद्यापुर,7,पञ्चपुरी नगरपालिका,8
151,6,64,विद्यापुर,8,पञ्चपुरी नगरपालिका,8
152,6,64,विद्यापुर,1,पञ्चपुरी नगरपालिका,9
153,6,64,विद्यापुर,2,पञ्चपुरी नगरपालिका,9
154,6,64,विद्यापुर,3,पञ्चपुरी नगरपालिका,9
155,6,64,विद्यापुर,4,पञ्चपुरी नगरपालिका,9
156,6,64,विद्यापुर,9,पञ्चपुरी नगरपालिका,9
157,6,64,तातापानी,6,पञ्चपुरी नगरपालिका,10
158,6,64,तातापानी,7,पञ्चपुरी नगरपालिका,10
159,6,64,तातापानी,8,पञ्चपुरी नगरपालिका,10
160,6,64,तातापानी,9,पञ्चपुरी नगरपालिका,10
161,6,64,तातापानी,1,पञ्चपुरी नगरपालिका,11
162,6,64,तातापानी,2,पञ्चपुरी नगरपालिका,11
163,6,64,तातापानी,3,पञ्चपुरी नगरपालिका,11
164,6,64,तातापानी,4,पञ्चपुरी नगरपालिका,11
165,6,64,तातापानी,5,पञ्चपुरी नगरपालिका,11
166,6,64,लेखफर्सा,5,लेकबेशी नगरपालिका,1
167,6,64,लेखफर्सा,6,लेकबेशी नगरपालिका,1
168,6,64,लेखफर्सा,7,लेकबेशी नगरपालिका,1
169,6,64,लेखफर्सा,8,लेकबेशी नगरपालिका,1
170,6,64,लेखफर्सा,1,लेकबेशी नगरपालिका,2
171,6,64,लेखफर्सा,2,लेकबेशी नगरपालिका,2
172,6,64,लेखफर्सा,3,लेकबेशी नगरपालिका,2
173,6,64,लेखफर्सा,4,लेकबेशी नगरपालिका,2
174,6,64,लेखफर्सा,9,लेकबेशी नगरपालिका,2
175,6,64,दशरथपुर,1,लेकबेशी नगरपालिका,3
176,6,64,दशरथपुर,2,लेकबेशी नगरपालिका,3
177,6,64,दशरथपुर,3,लेकबेशी नगरपालिका,3
178,6,64,दशरथपुर,4,लेकबेशी नगरपालिका,3
179,6,64,दशरथपुर,5,लेकबेशी नगरपालिका,4
180,6,64,दशरथपुर,6,लेकबेशी नगरपालिका,4
181,6,64,दशरथपुर,7,लेकबेशी नगरपालिका,4
182,6,64,दशरथपुर,8,लेकबेशी नगरपालिका,4
183,6,64,दशरथपुर,9,लेकबेशी नगरपालिका,4
184,6,64,नेटा,1,लेकबेशी नगरपालिका,5
185,6,64,नेटा,2,लेकबेशी नगरपालिका,5
186,6,64,नेटा,3,लेकबेशी नगरपालिका,5
187,6,64,नेटा,4,लेकबेशी नगरपालिका,5
188,6,64,नेटा,5,लेकबेशी नगरपालिका,5
189,6,64,नेटा,6,लेकबेशी नगरपालिका,5
190,6,64,नेटा,7,लेकबेशी नगरपालिका,5
191,6,64,नेटा,8,लेकबेशी नगरपालिका,5
192,6,64,नेटा,9,लेकबेशी नगरपालिका,5
193,6,64,कल्याण,1,लेकबेशी नगरपालिका,6
194,6,64,कल्याण,2,लेकबेशी नगरपालिका,6
195,6,64,कल्याण,3,लेकबेशी नगरपालिका,6
196,6,64,कल्याण,4,लेकबेशी नगरपालिका,6
197,6,64,कल्याण,5,लेकबेशी नगरपालिका,7
198,6,64,कल्याण,6,लेकबेशी नगरपालिका,7
199,6,64,कल्याण,7,लेकबेशी नगरपालिका,7
200,6,64,कल्याण,8,लेकबेशी नगरपालिका,7
201,6,64,कल्याण,9,लेकबेशी नगरपालिका,7
202,6,64,साटाखानी,8,लेकबेशी नगरपालिका,8
203,6,64,साटाखानी,9,लेकबेशी नगरपालिका,8
204,6,64,साटाखानी,5,लेकबेशी नगरपालिका,9
205,6,64,साटाखानी,6,लेकबेशी नगरपालिका,9
206,6,64,साटाखानी,7,लेकबेशी नगरपालिका,9
207,6,64,साटाखानी,1,लेकबेशी नगरपालिका,10
208,6,64,साटाखानी,2,लेकबेशी नगरपालिका,10
209,6,64,साटाखानी,3,लेकबेशी नगरपालिका,10
210,6,64,साटाखानी,4,लेकबेशी नगरपालिका,10
211,6,64,लगाम,3,चौकुने गाउँपालिका,1
212,6,64,लगाम,4,चौकुने गाउँपालिका,1
213,6,64,लगाम,5,चौकुने गाउँपालिका,1
214,6,64,लगाम,6,चौकुने गाउँपालिका,1
215,6,64,लगाम,1,चौकुने गाउँपालिका,2
216,6,64,लगाम,2,चौकुने गाउँपालिका,2
217,6,64,लगाम,7,चौकुने गाउँपालिका,2
218,6,64,लगाम,8,चौकुने गाउँपालिका,2
219,6,64,लगाम,9,चौकुने गाउँपालिका,2
220,6,64,बेतान,1,चौकुने गाउँपालिका,3
221,6,64,बेतान,2,चौकुने गाउँपालिका,3
222,6,64,बेतान,3,चौकुने गाउँपालिका,3
223,6,64,बेतान,4,चौकुने गाउँपालिका,3
224,6,64,बेतान,5,चौकुने गाउँपालिका,3
225,6,64,बेतान,6,चौकुने गाउँपालिका,3
226,6,64,बेतान,7,चौकुने गाउँपालिका,3
227,6,64,बेतान,8,चौकुने गाउँपालिका,3
228,6,64,बेतान,9,चौकुने गाउँपालिका,3
229,6,64,बिजौरा,1,चौकुने गाउँपालिका,4
230,6,64,बिजौरा,2,चौकुने गाउँपालिका,4
231,6,64,बिजौरा,7,चौकुने गाउँपालिका,4
232,6,64,बिजौरा,8,चौकुने गाउँपालिका,4
233,6,64,बिजौरा,9,चौकुने गाउँपालिका,4
234,6,64,बिजौरा,3,चौकुने गाउँपालिका,5
235,6,64,बिजौरा,4,चौकुने गाउँपालिका,5
236,6,64,बिजौरा,5,चौकुने गाउँपालिका,5
237,6,64,बिजौरा,6,चौकुने गाउँपालिका,5
238,6,64,गुटु,1,चौकुने गाउँपालिका,6
239,6,64,गुटु,2,चौकुने गाउँपालिका,6
240,6,64,गुटु,3,चौकुने गाउँपालिका,6
241,6,64,गुटु,4,चौकुने गाउँपालिका,6
242,6,64,गुटु,5,चौकुने गाउँपालिका,7
243,6,64,गुटु,6,चौकुने गाउँपालिका,7
244,6,64,गुटु,7,चौकुने गाउँपालिका,7
245,6,64,गुटु,8,चौकुने गाउँपालिका,8
246,6,64,गुटु,9,चौकुने गाउँपालिका,8
247,6,64,घाटगाउँ,5,चौकुने गाउँपालिका,9
248,6,64,घाटगाउँ,7,चौकुने गाउँपालिका,9
249,6,64,घाटगाउँ,8,चौकुने गाउँपालिका,9
250,6,64,घाटगाउँ,9,चौकुने गाउँपालिका,9
251,6,64,घाटगाउँ,1,चौकुने गाउँपालिका,10
252,6,64,घाटगाउँ,2,चौकुने गाउँपालिका,10
253,6,64,घाटगाउँ,3,चौकुने गाउँपालिका,10
254,6,64,घाटगाउँ,4,चौकुने गाउँपालिका,10
255,6,64,घाटगाउँ,6,चौकुने गाउँपालिका,10
256,6,64,हरिहरपुर,1,बराहताल गाउँपालिका,1
257,6,64,हरिहरपुर,2,बराहताल गाउँपालिका,1
258,6,64,हरिहरपुर,3,बराहताल गाउँपालिका,1
259,6,64,हरिहरपुर,8,बराहताल गाउँपालिका,1
260,6,64,हरिहरपुर,9,बराहताल गाउँपालिका,1
261,6,64,हरिहरपुर,4,बराहताल गाउँपालिका,2
262,6,64,हरिहरपुर,5,बराहताल गाउँपालिका,2
263,6,64,हरिहरपुर,6,बराहताल गाउँपालिका,2
264,6,64,हरिहरपुर,7,बराहताल गाउँपालिका,2
265,6,64,तरङ्गा,1,बराहताल गाउँपालिका,3
266,6,64,तरङ्गा,2,बराहताल गाउँपालिका,3
267,6,64,तरङ्गा,7,बराहताल गाउँपालिका,3
268,6,64,तरङ्गा,8,बराहताल गाउँपालिका,3
269,6,64,तरङ्गा,9,बराहताल गाउँपालिका,3
270,6,64,तरङ्गा,3,बराहताल गाउँपालिका,4
271,6,64,तरङ्गा,4,बराहताल गाउँपालिका,4
272,6,64,तरङ्गा,5,बराहताल गाउँपालिका,4
273,6,64,तरङ्गा,6,बराहताल गाउँपालिका,4
274,6,64,कुनाथरी,1,बराहताल गाउँपालिका,5
275,6,64,कुनाथरी,2,बराहताल गाउँपालिका,5
276,6,64,कुनाथरी,3,बराहताल गाउँपालिका,5
277,6,64,कुनाथरी,4,बराहताल गाउँपालिका,5
278,6,64,पोखरीकाँडा,3,बराहताल गाउँपालिका,6
279,6,64,पोखरीकाँडा,4,बराहताल गाउँपालिका,6
280,6,64,पोखरीकाँडा,5,बराहताल गाउँपालिका,7
281,6,64,पोखरीकाँडा,1,बराहताल गाउँपालिका,7
282,6,64,पोखरीकाँडा,2,बराहताल गाउँपालिका,7
283,6,64,पोखरीकाँडा,6,बराहताल गाउँपालिका,7
284,6,64,पोखरीकाँडा,7,बराहताल गाउँपालिका,7
285,6,64,पोखरीकाँडा,8,बराहताल गाउँपालिका,7
286,6,64,पोखरीकाँडा,9,बराहताल गाउँपालिका,7
287,6,64,कुनाथरी,5,बराहताल गाउँपालिका,8
288,6,64,कुनाथरी,6,बराहताल गाउँपालिका,8
289,6,64,कुनाथरी,7,बराहताल गाउँपालिका,8
290,6,64,कुनाथरी,8,बराहताल गाउँपालिका,8
291,6,64,कुनाथरी,9,बराहताल गाउँपालिका,8
292,6,64,लेखगाउँ,1,बराहताल गाउँपालिका,9
293,6,64,लेखगाउँ,2,बराहताल गाउँपालिका,9
294,6,64,लेखगाउँ,8,बराहताल गाउँपालिका,9
295,6,64,लेखगाउँ,9,बराहताल गाउँपालिका,9
296,6,64,लेखगाउँ,3,बराहताल गाउँपालिका,10
297,6,64,लेखगाउँ,4,बराहताल गाउँपालिका,10
298,6,64,लेखगाउँ,5,बराहताल गाउँपालिका,10
299,6,64,लेखगाउँ,6,बराहताल गाउँपालिका,10
300,6,64,लेखगाउँ,7,बराहताल गाउँपालिका,10
301,6,64,रजेना,1,चिङ्गाड गाउँपालिका,1
302,6,64,रजेना,2,चिङ्गाड गाउँपालिका,1
303,6,64,रजेना,3,चिङ्गाड गाउँपालिका,1
304,6,64,रजेना,4,चिङ्गाड गाउँपालिका,1
305,6,64,रजेना,5,चिङ्गाड गाउँपालिका,1
306,6,64,रजेना,6,चिङ्गाड गाउँपालिका,1
307,6,64,रजेना,7,चिङ्गाड गाउँपालिका,1
308,6,64,रजेना,8,चिङ्गाड गाउँपालिका,1
309,6,64,रजेना,9,चिङ्गाड गाउँपालिका,1
310,6,64,रानीवास,1,चिङ्गाड गाउँपालिका,2
311,6,64,रानीवास,2,चिङ्गाड गाउँपालिका,2
312,6,64,रानीवास,3,चिङ्गाड गाउँपालिका,2
313,6,64,रानीवास,4,चिङ्गाड गाउँपालिका,2
314,6,64,रानीवास,5,चिङ्गाड गाउँपालिका,2
315,6,64,रानीवास,6,चिङ्गाड गाउँपालिका,2
316,6,64,रानीवास,7,चिङ्गाड गाउँपालिका,2
317,6,64,रानीवास,8,चिङ्गाड गाउँपालिका,2
318,6,64,रानीवास,9,चिङ्गाड गाउँपालिका,2
319,6,64,मटेला,6,चिङ्गाड गाउँपालिका,3
320,6,64,मटेला,7,चिङ्गाड गाउँपालिका,3
321,6,64,मटेला,8,चिङ्गाड गाउँपालिका,3
322,6,64,मटेला,9,चिङ्गाड गाउँपालिका,3
323,6,64,मटेला,1,चिङ्गाड गाउँपालिका,4
324,6,64,मटेला,2,चिङ्गाड गाउँपालिका,4
325,6,64,मटेला,3,चिङ्गाड गाउँपालिका,4
326,6,64,मटेला,4,चिङ्गाड गाउँपालिका,4
327,6,64,मटेला,5,चिङ्गाड गाउँपालिका,4
328,6,64,अवलचिङ,1,चिङ्गाड गाउँपालिका,5
329,6,64,अवलचिङ,2,चिङ्गाड गाउँपालिका,5
330,6,64,अवलचिङ,3,चिङ्गाड गाउँपालिका,5
331,6,64,अवलचिङ,4,चिङ्गाड गाउँपालिका,5
332,6,64,अवलचिङ,5,चिङ्गाड गाउँपालिका,5
333,6,64,अवलचिङ,6,चिङ्गाड गाउँपालिका,5
334,6,64,अवलचिङ,7,चिङ्गाड गाउँपालिका,5
335,6,64,अवलचिङ,8,चिङ्गाड गाउँपालिका,5
336,6,64,अवलचिङ,9,चिङ्गाड गाउँपालिका,5
337,6,64,पाम्का,1,चिङ्गाड गाउँपालिका,6
338,6,64,पाम्का,2,चिङ्गाड गाउँपालिका,6
339,6,64,पाम्का,3,चिङ्गाड गाउँपालिका,6
340,6,64,पाम्का,4,चिङ्गाड गाउँपालिका,6
341,6,64,पाम्का,5,चिङ्गाड गाउँपालिका,6
342,6,64,पाम्का,6,चिङ्गाड गाउँपालिका,6
343,6,64,पाम्का,7,चिङ्गाड गाउँपालिका,6
344,6,64,पाम्का,8,चिङ्गाड गाउँपालिका,6
345,6,64,पाम्का,9,चिङ्गाड गाउँपालिका,6
346,6,64,घोरेटा,1,सिम्ता गाउँपालिका,1
347,6,64,घोरेटा,2,सिम्ता गाउँपालिका,1
348,6,64,घोरेटा,3,सिम्ता गाउँपालिका,1
349,6,64,घोरेटा,4,सिम्ता गाउँपालिका,1
350,6,64,घोरेटा,5,सिम्ता गाउँपालिका,1
351,6,64,घोरेटा,6,सिम्ता गाउँपालिका,1
352,6,64,घोरेटा,7,सिम्ता गाउँपालिका,1
353,6,64,घोरेटा,8,सिम्ता गाउँपालिका,1
354,6,64,घोरेटा,9,सिम्ता गाउँपालिका,1
355,6,64,काफलकोट,1,सिम्ता गाउँपालिका,2
356,6,64,काफलकोट,2,सिम्ता गाउँपालिका,2
357,6,64,काफलकोट,3,सिम्ता गाउँपालिका,2
358,6,64,काफलकोट,4,सिम्ता गाउँपालिका,2
359,6,64,काफलकोट,5,सिम्ता गाउँपालिका,2
360,6,64,काफलकोट,6,सिम्ता गाउँपालिका,2
361,6,64,काफलकोट,7,सिम्ता गाउँपालिका,2
362,6,64,काफलकोट,8,सिम्ता गाउँपालिका,2
363,6,64,काफलकोट,9,सिम्ता गाउँपालिका,2
364,6,64,आग्रीगाउँ,1,सिम्ता गाउँपालिका,3
365,6,64,आग्रीगाउँ,2,सिम्ता गाउँपालिका,3
366,6,64,आग्रीगाउँ,3,सिम्ता गाउँपालिका,3
367,6,64,आग्रीगाउँ,4,सिम्ता गाउँपालिका,3
368,6,64,आग्रीगाउँ,5,सिम्ता गाउँपालिका,3
369,6,64,आग्रीगाउँ,6,सिम्ता गाउँपालिका,3
370,6,64,आग्रीगाउँ,7,सिम्ता गाउँपालिका,3
371,6,64,आग्रीगाउँ,8,सिम्ता गाउँपालिका,3
372,6,64,आग्रीगाउँ,9,सिम्ता गाउँपालिका,3
373,6,64,बजेडीचौर,5,सिम्ता गाउँपालिका,4
374,6,64,बजेडीचौर,6,सिम्ता गाउँपालिका,4
375,6,64,बजेडीचौर,7,सिम्ता गाउँपालिका,4
376,6,64,बजेडीचौर,8,सिम्ता गाउँपालिका,4
377,6,64,बजेडीचौर,9,सिम्ता गाउँपालिका,4
378,6,64,बजेडीचौर,1,सिम्ता गाउँपालिका,5
379,6,64,बजेडीचौर,2,सिम्ता गाउँपालिका,5
380,6,64,बजेडीचौर,3,सिम्ता गाउँपालिका,5
381,6,64,बजेडीचौर,4,सिम्ता गाउँपालिका,5
382,6,64,राकम,1,सिम्ता गाउँपालिका,6
383,6,64,राकम,2,सिम्ता गाउँपालिका,6
384,6,64,राकम,3,सिम्ता गाउँपालिका,6
385,6,64,राकम,4,सिम्ता गाउँपालिका,6
386,6,64,राकम,5,सिम्ता गाउँपालिका,6
387,6,64,राकम,6,सिम्ता गाउँपालिका,6
388,6,64,राकम,7,सिम्ता गाउँपालिका,6
389,6,64,राकम,8,सिम्ता गाउँपालिका,6
390,6,64,राकम,9,सिम्ता गाउँपालिका,6
391,6,64,काप्रिचौर,1,सिम्ता गाउँपालिका,7
392,6,64,काप्रिचौर,2,सिम्ता गाउँपालिका,7
393,6,64,काप्रिचौर,3,सिम्ता गाउँपालिका,7
394,6,64,काप्रिचौर,4,सिम्ता गाउँपालिका,7
395,6,64,काप्रिचौर,5,सिम्ता गाउँपालिका,7
396,6,64,काप्रिचौर,6,सिम्ता गाउँपालिका,7
397,6,64,काप्रिचौर,7,सिम्ता गाउँपालिका,7
398,6,64,काप्रिचौर,8,सिम्ता गाउँपालिका,7
399,6,64,काप्रिचौर,9,सिम्ता गाउँपालिका,7
400,6,64,डाँडाखाली,1,सिम्ता गाउँपालिका,8
401,6,64,डाँडाखाली,2,सिम्ता गाउँपालिका,8
402,6,64,डाँडाखाली,3,सिम्ता गाउँपालिका,8
403,6,64,डाँडाखाली,4,सिम्ता गाउँपालिका,8
404,6,64,डाँडाखाली,5,सिम्ता गाउँपालिका,8
405,6,64,डाँडाखाली,6,सिम्ता गाउँपालिका,8
406,6,64,डाँडाखाली,7,सिम्ता गाउँपालिका,8
407,6,64,डाँडाखाली,8,सिम्ता गाउँपालिका,8
408,6,64,डाँडाखाली,9,सिम्ता गाउँपालिका,8
409,6,64,खानीखोला,1,सिम्ता गाउँपालिका,9
410,6,64,खानीखोला,2,सिम्ता गाउँपालिका,9
411,6,64,खानीखोला,3,सिम्ता गाउँपालिका,9
412,6,64,खानीखोला,4,सिम्ता गाउँपालिका,9
413,6,64,खानीखोला,5,सिम्ता गाउँपालिका,9
414,6,64,खानीखोला,6,सिम्ता गाउँपालिका,9
415,6,64,खानीखोला,7,सिम्ता गाउँपालिका,9
416,6,64,खानीखोला,8,सिम्ता गाउँपालिका,9
417,6,64,खानीखोला,9,सिम्ता गाउँपालिका,9
418,6,63,नारायण,1,नारायण नगरपालिका,1
419,6,63,नारायण,2,नारायण नगरपालिका,2
420,6,63,नारायण,3,नारायण नगरपालिका,3
421,6,63,नारायण,4,नारायण नगरपालिका,4
422,6,63,खरिगैरा,8,नारायण नगरपालिका,4
423,6,63,खरिगैरा,9,नारायण नगरपालिका,4
424,6,63,नारायण,5,नारायण नगरपालिका,5
425,6,63,नारायण,6,नारायण नगरपालिका,6
426,6,63,नारायण,7,नारायण नगरपालिका,7
427,6,63,नारायण,8,नारायण नगरपालिका,8
428,6,63,नारायण,9,नारायण नगरपालिका,9
429,6,63,भवानी,1,नारायण नगरपालिका,10
430,6,63,भवानी,2,नारायण नगरपालिका,10
431,6,63,भवानी,3,नारायण नगरपालिका,10
432,6,63,भवानी,4,नारायण नगरपालिका,10
433,6,63,भवानी,5,नारायण नगरपालिका,10
434,6,63,भवानी,6,नारायण नगरपालिका,10
435,6,63,भवानी,7,नारायण नगरपालिका,10
436,6,63,भवानी,8,नारायण नगरपालिका,10
437,6,63,भवानी,9,नारायण नगरपालिका,10
438,6,63,बिन्ध्यवासिनी,1,नारायण नगरपालिका,11
439,6,63,बिन्ध्यवासिनी,2,नारायण नगरपालिका,11
440,6,63,बिन्ध्यवासिनी,3,नारायण नगरपालिका,11
441,6,63,बिन्ध्यवासिनी,4,नारायण नगरपालिका,11
442,6,63,बिन्ध्यवासिनी,5,नारायण नगरपालिका,11
443,6,63,बिन्ध्यवासिनी,6,नारायण नगरपालिका,11
444,6,63,बिन्ध्यवासिनी,7,नारायण नगरपालिका,11
445,6,63,बिन्ध्यवासिनी,8,नारायण नगरपालिका,11
446,6,63,बिन्ध्यवासिनी,9,नारायण नगरपालिका,11
447,6,63,दुल्लु,1,दुल्लु नगरपालिका,1
448,6,63,दुल्लु,2,दुल्लु नगरपालिका,2
449,6,63,दुल्लु,3,दुल्लु नगरपालिका,3
450,6,63,दुल्लु,4,दुल्लु नगरपालिका,4
451,6,63,दुल्लु,5,दुल्लु नगरपालिका,5
452,6,63,दुल्लु,6,दुल्लु नगरपालिका,6
453,6,63,मालिका,7,दुल्लु नगरपालिका,6
454,6,63,मालिका,8,दुल्लु नगरपालिका,6
455,6,63,दुल्लु,7,दुल्लु नगरपालिका,7
456,6,63,दुल्लु,8,दुल्लु नगरपालिका,8
457,6,63,दुल्लु,9,दुल्लु नगरपालिका,9
458,6,63,गमौडी,1,दुल्लु नगरपालिका,10
459,6,63,गमौडी,2,दुल्लु नगरपालिका,10
460,6,63,गमौडी,3,दुल्लु नगरपालिका,10
461,6,63,गमौडी,4,दुल्लु नगरपालिका,10
462,6,63,गमौडी,5,दुल्लु नगरपालिका,10
463,6,63,गमौडी,6,दुल्लु नगरपालिका,10
464,6,63,गमौडी,7,दुल्लु नगरपालिका,10
465,6,63,गमौडी,8,दुल्लु नगरपालिका,10
466,6,63,गमौडी,9,दुल्लु नगरपालिका,10
467,6,63,कालभैरव,1,दुल्लु नगरपालिका,11
468,6,63,कालभैरव,2,दुल्लु नगरपालिका,11
469,6,63,कालभैरव,3,दुल्लु नगरपालिका,11
470,6,63,कालभैरव,4,दुल्लु नगरपालिका,11
471,6,63,कालभैरव,5,दुल्लु नगरपालिका,11
472,6,63,कालभैरव,6,दुल्लु नगरपालिका,11
473,6,63,कालभैरव,7,दुल्लु नगरपालिका,11
474,6,63,कालभैरव,8,दुल्लु नगरपालिका,11
475,6,63,कालभैरव,9,दुल्लु नगरपालिका,11
476,6,63,गौरी,1,दुल्लु नगरपालिका,12
477,6,63,गौरी,2,दुल्लु नगरपालिका,12
478,6,63,गौरी,3,दुल्लु नगरपालिका,12
479,6,63,गौरी,4,दुल्लु नगरपालिका,12
480,6,63,गौरी,5,दुल्लु नगरपालिका,12
481,6,63,गौरी,6,दुल्लु नगरपालिका,12
482,6,63,गौरी,7,दुल्लु नगरपालिका,12
483,6,63,गौरी,8,दुल्लु नगरपालिका,12
484,6,63,गौरी,9,दुल्लु नगरपालिका,12
485,6,63,मालिका,1,दुल्लु नगरपालिका,13
486,6,63,मालिका,2,दुल्लु नगरपालिका,13
487,6,63,मालिका,3,दुल्लु नगरपालिका,13
488,6,63,मालिका,4,दुल्लु नगरपालिका,13
489,6,63,मालिका,5,दुल्लु नगरपालिका,13
490,6,63,मालिका,6,दुल्लु नगरपालिका,13
491,6,63,मालिका,9,दुल्लु नगरपालिका,13
492,6,63,चामुण्डा,1,चामुण्डा बिन्द्रासैनी नगरपालिका,1
493,6,63,चामुण्डा,9,चामुण्डा बिन्द्रासैनी नगरपालिका,1
494,6,63,चामुण्डा,2,चामुण्डा बिन्द्रासैनी नगरपालिका,2
495,6,63,चामुण्डा,3,चामुण्डा बिन्द्रासैनी नगरपालिका,2
496,6,63,चामुण्डा,8,चामुण्डा बिन्द्रासैनी नगरपालिका,2
497,6,63,चामुण्डा,6,चामुण्डा बिन्द्रासैनी नगरपालिका,3
498,6,63,चामुण्डा,7,चामुण्डा बिन्द्रासैनी नगरपालिका,3
499,6,63,चामुण्डा,4,चामुण्डा बिन्द्रासैनी नगरपालिका,4
500,6,63,चामुण्डा,5,चामुण्डा बिन्द्रासैनी नगरपालिका,4
501,6,63,जम्बुकाँध,5,चामुण्डा बिन्द्रासैनी नगरपालिका,5
502,6,63,जम्बुकाँध,6,चामुण्डा बिन्द्रासैनी नगरपालिका,5
503,6,63,जम्बुकाँध,7,चामुण्डा बिन्द्रासैनी नगरपालिका,5
504,6,63,जम्बुकाँध,8,चामुण्डा बिन्द्रासैनी नगरपालिका,5
505,6,63,जम्बुकाँध,9,चामुण्डा बिन्द्रासैनी नगरपालिका,5
506,6,63,जम्बुकाँध,1,चामुण्डा बिन्द्रासैनी नगरपालिका,6
507,6,63,जम्बुकाँध,2,चामुण्डा बिन्द्रासैनी नगरपालिका,6
508,6,63,जम्बुकाँध,3,चामुण्डा बिन्द्रासैनी नगरपालिका,6
509,6,63,जम्बुकाँध,4,चामुण्डा बिन्द्रासैनी नगरपालिका,6
510,6,63,लयाँटी बिन्द्रासैनी,1,चामुण्डा बिन्द्रासैनी नगरपालिका,7
511,6,63,लयाँटी बिन्द्रासैनी,3,चामुण्डा बिन्द्रासैनी नगरपालिका,7
512,6,63,लयाँटी बिन्द्रासैनी,7,चामुण्डा बिन्द्रासैनी नगरपालिका,7
513,6,63,लयाँटी बिन्द्रासैनी,2,चामुण्डा बिन्द्रासैनी नगरपालिका,8
514,6,63,लयाँटी बिन्द्रासैनी,4,चामुण्डा बिन्द्रासैनी नगरपालिका,8
515,6,63,लयाँटी बिन्द्रासैनी,8,चामुण्डा बिन्द्रासैनी नगरपालिका,8
516,6,63,लयाँटी बिन्द्रासैनी,5,चामुण्डा बिन्द्रासैनी नगरपालिका,9
517,6,63,लयाँटी बिन्द्रासैनी,6,चामुण्डा बिन्द्रासैनी नगरपालिका,9
518,6,63,लयाँटी बिन्द्रासैनी,9,चामुण्डा बिन्द्रासैनी नगरपालिका,9
519,6,63,सात्तला,1,आठबीस नगरपालिका,1
520,6,63,सात्तला,2,आठबीस नगरपालिका,1
521,6,63,सात्तला,3,आठबीस नगरपालिका,1
522,6,63,सात्तला,4,आठबीस नगरपालिका,1
523,6,63,सात्तला,5,आठबीस नगरपालिका,1
524,6,63,सात्तला,6,आठबीस नगरपालिका,1
525,6,63,सात्तला,7,आठबीस नगरपालिका,1
526,6,63,सात्तला,8,आठबीस नगरपालिका,1
527,6,63,सात्तला,9,आठबीस नगरपालिका,2
528,6,63,सिंगौडी,1,आठबीस नगरपालिका,2
529,6,63,सिंगौडी,2,आठबीस नगरपालिका,2
530,6,63,सिंगौडी,3,आठबीस नगरपालिका,2
531,6,63,सिंगौडी,4,आठबीस नगरपालिका,2
532,6,63,सिंगौडी,5,आठबीस नगरपालिका,2
533,6,63,सिंगौडी,6,आठबीस नगरपालिका,3
534,6,63,सिंगौडी,7,आठबीस नगरपालिका,3
535,6,63,सिंगौडी,8,आठबीस नगरपालिका,3
536,6,63,सिंगौडी,9,आठबीस नगरपालिका,3
537,6,63,राकमकर्णाली,1,आठबीस नगरपालिका,4
538,6,63,राकमकर्णाली,2,आठबीस नगरपालिका,4
539,6,63,राकमकर्णाली,3,आठबीस नगरपालिका,4
540,6,63,राकमकर्णाली,4,आठबीस नगरपालिका,4
541,6,63,राकमकर्णाली,5,आठबीस नगरपालिका,4
542,6,63,राकमकर्णाली,6,आठबीस नगरपालिका,4
543,6,63,राकमकर्णाली,7,आठबीस नगरपालिका,4
544,6,63,राकमकर्णाली,8,आठबीस नगरपालिका,4
545,6,63,राकमकर्णाली,9,आठबीस नगरपालिका,4
546,6,63,पिपलकोट,1,आठबीस नगरपालिका,5
547,6,63,पिपलकोट,2,आठबीस नगरपालिका,5
548,6,63,पिपलकोट,3,आठबीस नगरपालिका,5
549,6,63,पिपलकोट,4,आठबीस नगरपालिका,5
550,6,63,पिपलकोट,5,आठबीस नगरपालिका,5
551,6,63,पिपलकोट,6,आठबीस नगरपालिका,5
552,6,63,पिपलकोट,7,आठबीस नगरपालिका,5
553,6,63,पिपलकोट,8,आठबीस नगरपालिका,5
554,6,63,पिपलकोट,9,आठबीस नगरपालिका,5
555,6,63,सिंहासैन,5,आठबीस नगरपालिका,6
556,6,63,सिंहासैन,6,आठबीस नगरपालिका,6
557,6,63,सिंहासैन,7,आठबीस नगरपालिका,6
558,6,63,सिंहासैन,8,आठबीस नगरपालिका,6
559,6,63,सिंहासैन,9,आठबीस नगरपालिका,6
560,6,63,तिलेपाटा,1,आठबीस नगरपालिका,7
561,6,63,तिलेपाटा,2,आठबीस नगरपालिका,7
562,6,63,तिलेपाटा,3,आठबीस नगरपालिका,7
563,6,63,तिलेपाटा,6,आठबीस नगरपालिका,7
564,6,63,सिंहासैन,3,आठबीस नगरपालिका,7
565,6,63,तिलेपाटा,4,आठबीस नगरपालिका,8
566,6,63,तिलेपाटा,5,आठबीस नगरपालिका,8
567,6,63,तिलेपाटा,7,आठबीस नगरपालिका,8
568,6,63,तिलेपाटा,8,आठबीस नगरपालिका,8
569,6,63,तिलेपाटा,9,आठबीस नगरपालिका,8
570,6,63,सिंहासैन,1,आठबीस नगरपालिका,9
571,6,63,सिंहासैन,2,आठबीस नगरपालिका,9
572,6,63,सिंहासैन,4,आठबीस नगरपालिका,9
573,6,63,पगनाथ,1,भगवतीमाई गाउँपालिका,1
574,6,63,पगनाथ,2,भगवतीमाई गाउँपालिका,1
575,6,63,पगनाथ,3,भगवतीमाई गाउँपालिका,1
576,6,63,पगनाथ,4,भगवतीमाई गाउँपालिका,1
577,6,63,पगनाथ,5,भगवतीमाई गाउँपालिका,1
578,6,63,पगनाथ,6,भगवतीमाई गाउँपालिका,1
579,6,63,पगनाथ,7,भगवतीमाई गाउँपालिका,1
580,6,63,पगनाथ,8,भगवतीमाई गाउँपालिका,1
581,6,63,पगनाथ,9,भगवतीमाई गाउँपालिका,1
582,6,63,रूम,1,भगवतीमाई गाउँपालिका,2
583,6,63,रूम,2,भगवतीमाई गाउँपालिका,2
584,6,63,रूम,3,भगवतीमाई गाउँपालिका,2
585,6,63,रूम,4,भगवतीमाई गाउँपालिका,2
586,6,63,रूम,5,भगवतीमाई गाउँपालिका,2
587,6,63,रूम,6,भगवतीमाई गाउँपालिका,2
588,6,63,रूम,7,भगवतीमाई गाउँपालिका,2
589,6,63,रूम,8,भगवतीमाई गाउँपालिका,2
590,6,63,रूम,9,भगवतीमाई गाउँपालिका,2
591,6,63,मेहेलतोली,1,भगवतीमाई गाउँपालिका,3
592,6,63,मेहेलतोली,2,भगवतीमाई गाउँपालिका,3
593,6,63,मेहेलतोली,3,भगवतीमाई गाउँपालिका,3
594,6,63,मेहेलतोली,4,भगवतीमाई गाउँपालिका,3
595,6,63,मेहेलतोली,5,भगवतीमाई गाउँपालिका,3
596,6,63,मेहेलतोली,6,भगवतीमाई गाउँपालिका,3
597,6,63,मेहेलतोली,7,भगवतीमाई गाउँपालिका,3
598,6,63,मेहेलतोली,8,भगवतीमाई गाउँपालिका,3
599,6,63,मेहेलतोली,9,भगवतीमाई गाउँपालिका,3
600,6,63,जगनाथ,1,भगवतीमाई गाउँपालिका,4
601,6,63,जगनाथ,2,भगवतीमाई गाउँपालिका,4
602,6,63,जगनाथ,3,भगवतीमाई गाउँपालिका,4
603,6,63,जगनाथ,4,भगवतीमाई गाउँपालिका,4
604,6,63,जगनाथ,5,भगवतीमाई गाउँपालिका,4
605,6,63,जगनाथ,6,भगवतीमाई गाउँपालिका,4
606,6,63,जगनाथ,7,भगवतीमाई गाउँपालिका,4
607,6,63,जगनाथ,8,भगवतीमाई गाउँपालिका,4
608,6,63,जगनाथ,9,भगवतीमाई गाउँपालिका,4
609,6,63,कट्टी,1,भगवतीमाई गाउँपालिका,5
610,6,63,कट्टी,5,भगवतीमाई गाउँपालिका,5
611,6,63,कट्टी,6,भगवतीमाई गाउँपालिका,5
612,6,63,कट्टी,9,भगवतीमाई गाउँपालिका,5
613,6,63,कट्टी,2,भगवतीमाई गाउँपालिका,6
614,6,63,कट्टी,3,भगवतीमाई गाउँपालिका,6
615,6,63,कट्टी,4,भगवतीमाई गाउँपालिका,6
616,6,63,कट्टी,7,भगवतीमाई गाउँपालिका,6
617,6,63,कट्टी,8,भगवतीमाई गाउँपालिका,6
618,6,63,बडाभैरव,1,भगवतीमाई गाउँपालिका,7
619,6,63,बडाभैरव,2,भगवतीमाई गाउँपालिका,7
620,6,63,बडाभैरव,3,भगवतीमाई गाउँपालिका,7
621,6,63,बडाभैरव,4,भगवतीमाई गाउँपालिका,7
622,6,63,बडाभैरव,5,भगवतीमाई गाउँपालिका,7
623,6,63,बडाभैरव,6,भगवतीमाई गाउँपालिका,7
624,6,63,बडाभैरव,7,भगवतीमाई गाउँपालिका,7
625,6,63,बडाभैरव,8,भगवतीमाई गाउँपालिका,7
626,6,63,बडाभैरव,9,भगवतीमाई गाउँपालिका,7
627,6,63,खड्कवाडा,4,गुराँस गाउँपालिका,1
628,6,63,खड्कवाडा,7,गुराँस गाउँपालिका,1
629,6,63,खड्कवाडा,8,गुराँस गाउँपालिका,1
630,6,63,खड्कवाडा,9,गुराँस गाउँपालिका,1
631,6,63,खड्कवाडा,1,गुराँस गाउँपालिका,2
632,6,63,खड्कवाडा,2,गुराँस गाउँपालिका,2
633,6,63,खड्कवाडा,3,गुराँस गाउँपालिका,2
634,6,63,बराह,8,गुराँस गाउँपालिका,2
635,6,63,बराह,9,गुराँस गाउँपालिका,2
636,6,63,खड्कवाडा,5,गुराँस गाउँपालिका,3
637,6,63,खड्कवाडा,6,गुराँस गाउँपालिका,3
638,6,63,बराह,6,गुराँस गाउँपालिका,3
639,6,63,बराह,7,गुराँस गाउँपालिका,3
640,6,63,सेरी,1,गुराँस गाउँपालिका,3
641,6,63,सेरी,2,गुराँस गाउँपालिका,3
642,6,63,सेरी,3,गुराँस गाउँपालिका,3
643,6,63,सेरी,4,गुराँस गाउँपालिका,3
644,6,63,सेरी,5,गुराँस गाउँपालिका,3
645,6,63,बराह,1,गुराँस गाउँपालिका,4
646,6,63,बराह,2,गुराँस गाउँपालिका,4
647,6,63,बराह,3,गुराँस गाउँपालिका,4
648,6,63,बराह,4,गुराँस गाउँपालिका,4
649,6,63,बराह,5,गुराँस गाउँपालिका,4
650,6,63,सेरी,6,गुराँस गाउँपालिका,4
651,6,63,सेरी,7,गुराँस गाउँपालिका,4
652,6,63,सेरी,8,गुराँस गाउँपालिका,4
653,6,63,सेरी,9,गुराँस गाउँपालिका,4
654,6,63,गोगनपानी,1,गुराँस गाउँपालिका,5
655,6,63,गोगनपानी,2,गुराँस गाउँपालिका,5
656,6,63,गोगनपानी,3,गुराँस गाउँपालिका,5
657,6,63,गोगनपानी,4,गुराँस गाउँपालिका,5
658,6,63,गोगनपानी,5,गुराँस गाउँपालिका,5
659,6,63,गोगनपानी,6,गुराँस गाउँपालिका,5
660,6,63,गोगनपानी,7,गुराँस गाउँपालिका,5
661,6,63,गोगनपानी,8,गुराँस गाउँपालिका,5
662,6,63,गोगनपानी,9,गुराँस गाउँपालिका,5
663,6,63,पिलाडी,1,गुराँस गाउँपालिका,6
664,6,63,पिलाडी,2,गुराँस गाउँपालिका,6
665,6,63,पिलाडी,3,गुराँस गाउँपालिका,6
666,6,63,पिलाडी,4,गुराँस गाउँपालिका,6
667,6,63,पिलाडी,5,गुराँस गाउँपालिका,6
668,6,63,पिलाडी,6,गुराँस गाउँपालिका,6
669,6,63,पिलाडी,7,गुराँस गाउँपालिका,6
670,6,63,पिलाडी,8,गुराँस गाउँपालिका,6
671,6,63,पिलाडी,9,गुराँस गाउँपालिका,6
672,6,63,लालिकाँडा,5,गुराँस गाउँपालिका,7
673,6,63,लालिकाँडा,6,गुराँस गाउँपालिका,7
674,6,63,लालिकाँडा,7,गुराँस गाउँपालिका,7
675,6,63,लालिकाँडा,8,गुराँस गाउँपालिका,7
676,6,63,लालिकाँडा,9,गुराँस गाउँपालिका,7
677,6,63,लालिकाँडा,1,गुराँस गाउँपालिका,8
678,6,63,लालिकाँडा,2,गुराँस गाउँपालिका,8
679,6,63,लालिकाँडा,3,गुराँस गाउँपालिका,8
680,6,63,लालिकाँडा,4,गुराँस गाउँपालिका,8
681,6,63,बेल्पाटा,1,डुङ्गेश्वर गाउँपालिका,1
682,6,63,बेल्पाटा,2,डुङ्गेश्वर गाउँपालिका,1
683,6,63,बेल्पाटा,3,डुङ्गेश्वर गाउँपालिका,1
684,6,63,बेल्पाटा,4,डुङ्गेश्वर गाउँपालिका,1
685,6,63,बेल्पाटा,5,डुङ्गेश्वर गाउँपालिका,1
686,6,63,बेल्पाटा,6,डुङ्गेश्वर गाउँपालिका,1
687,6,63,बेल्पाटा,7,डुङ्गेश्वर गाउँपालिका,1
688,6,63,बेल्पाटा,8,डुङ्गेश्वर गाउँपालिका,1
689,6,63,बेल्पाटा,9,डुङ्गेश्वर गाउँपालिका,1
690,6,63,लाँकुरी,1,डुङ्गेश्वर गाउँपालिका,2
691,6,63,लाँकुरी,2,डुङ्गेश्वर गाउँपालिका,2
692,6,63,लाँकुरी,3,डुङ्गेश्वर गाउँपालिका,2
693,6,63,लाँकुरी,4,डुङ्गेश्वर गाउँपालिका,2
694,6,63,लाँकुरी,5,डुङ्गेश्वर गाउँपालिका,2
695,6,63,लाँकुरी,6,डुङ्गेश्वर गाउँपालिका,2
696,6,63,लाँकुरी,7,डुङ्गेश्वर गाउँपालिका,2
697,6,63,लाँकुरी,8,डुङ्गेश्वर गाउँपालिका,2
698,6,63,लाँकुरी,9,डुङ्गेश्वर गाउँपालिका,2
699,6,63,अवलपराजुल,1,डुङ्गेश्वर गाउँपालिका,3
700,6,63,अवलपराजुल,2,डुङ्गेश्वर गाउँपालिका,3
701,6,63,अवलपराजुल,3,डुङ्गेश्वर गाउँपालिका,3
702,6,63,अवलपराजुल,4,डुङ्गेश्वर गाउँपालिका,3
703,6,63,अवलपराजुल,5,डुङ्गेश्वर गाउँपालिका,4
704,6,63,अवलपराजुल,6,डुङ्गेश्वर गाउँपालिका,4
705,6,63,अवलपराजुल,7,डुङ्गेश्वर गाउँपालिका,4
706,6,63,अवलपराजुल,8,डुङ्गेश्वर गाउँपालिका,4
707,6,63,अवलपराजुल,9,डुङ्गेश्वर गाउँपालिका,4
708,6,63,डाँडापाराजुल,1,डुङ्गेश्वर गाउँपालिका,5
709,6,63,डाँडापाराजुल,2,डुङ्गेश्वर गाउँपालिका,5
710,6,63,डाँडापाराजुल,3,डुङ्गेश्वर गाउँपालिका,5
711,6,63,डाँडापाराजुल,5,डुङ्गेश्वर गाउँपालिका,5
712,6,63,डाँडापाराजुल,6,डुङ्गेश्वर गाउँपालिका,5
713,6,63,डाँडापाराजुल,4,डुङ्गेश्वर गाउँपालिका,6
714,6,63,डाँडापाराजुल,7,डुङ्गेश्वर गाउँपालिका,6
715,6,63,डाँडापाराजुल,8,डुङ्गेश्वर गाउँपालिका,6
716,6,63,डाँडापाराजुल,9,डुङ्गेश्वर गाउँपालिका,6
717,6,63,तोली,1,नौमुले गाउँपालिका,1
718,6,63,तोली,2,नौमुले गाउँपालिका,1
719,6,63,तोली,3,नौमुले गाउँपालिका,1
720,6,63,तोली,4,नौमुले गाउँपालिका,1
721,6,63,तोली,5,नौमुले गाउँपालिका,1
722,6,63,तोली,6,नौमुले गाउँपालिका,1
723,6,63,तोली,7,नौमुले गाउँपालिका,1
724,6,63,तोली,8,नौमुले गाउँपालिका,1
725,6,63,तोली,9,नौमुले गाउँपालिका,1
726,6,63,बालुवाटार,1,नौमुले गाउँपालिका,2
727,6,63,बालुवाटार,2,नौमुले गाउँपालिका,2
728,6,63,बालुवाटार,3,नौमुले गाउँपालिका,2
729,6,63,बालुवाटार,4,नौमुले गाउँपालिका,2
730,6,63,बालुवाटार,5,नौमुले गाउँपालिका,2
731,6,63,बालुवाटार,6,नौमुले गाउँपालिका,2
732,6,63,बालुवाटार,7,नौमुले गाउँपालिका,2
733,6,63,बालुवाटार,8,नौमुले गाउँपालिका,2
734,6,63,बालुवाटार,9,नौमुले गाउँपालिका,2
735,6,63,द्वारी,1,नौमुले गाउँपालिका,3
736,6,63,द्वारी,2,नौमुले गाउँपालिका,3
737,6,63,द्वारी,3,नौमुले गाउँपालिका,3
738,6,63,द्वारी,4,नौमुले गाउँपालिका,3
739,6,63,द्वारी,5,नौमुले गाउँपालिका,3
740,6,63,द्वारी,6,नौमुले गाउँपालिका,3
741,6,63,द्वारी,7,नौमुले गाउँपालिका,3
742,6,63,द्वारी,8,नौमुले गाउँपालिका,3
743,6,63,द्वारी,9,नौमुले गाउँपालिका,3
744,6,63,कालिका,1,नौमुले गाउँपालिका,4
745,6,63,कालिका,2,नौमुले गाउँपालिका,4
746,6,63,कालिका,3,नौमुले गाउँपालिका,4
747,6,63,कालिका,4,नौमुले गाउँपालिका,4
748,6,63,कालिका,5,नौमुले गाउँपालिका,4
749,6,63,कालिका,6,नौमुले गाउँपालिका,4
750,6,63,कालिका,7,नौमुले गाउँपालिका,4
751,6,63,कालिका,8,नौमुले गाउँपालिका,4
752,6,63,कालिका,9,नौमुले गाउँपालिका,4
753,6,63,नौमुले,1,नौमुले गाउँपालिका,5
754,6,63,नौमुले,2,नौमुले गाउँपालिका,5
755,6,63,नौमुले,3,नौमुले गाउँपालिका,5
756,6,63,नौमुले,4,नौमुले गाउँपालिका,5
757,6,63,नौमुले,5,नौमुले गाउँपालिका,5
758,6,63,नौमुले,6,नौमुले गाउँपालिका,5
759,6,63,नौमुले,7,नौमुले गाउँपालिका,5
760,6,63,नौमुले,8,नौमुले गाउँपालिका,5
761,6,63,नौमुले,9,नौमुले गाउँपालिका,5
762,6,63,सल्लेरी,1,नौमुले गाउँपालिका,6
763,6,63,सल्लेरी,2,नौमुले गाउँपालिका,6
764,6,63,सल्लेरी,3,नौमुले गाउँपालिका,6
765,6,63,सल्लेरी,4,नौमुले गाउँपालिका,6
766,6,63,सल्लेरी,5,नौमुले गाउँपालिका,6
767,6,63,सल्लेरी,6,नौमुले गाउँपालिका,7
768,6,63,सल्लेरी,7,नौमुले गाउँपालिका,7
769,6,63,सल्लेरी,8,नौमुले गाउँपालिका,7
770,6,63,सल्लेरी,9,नौमुले गाउँपालिका,7
771,6,63,चौराठा,1,नौमुले गाउँपालिका,8
772,6,63,चौराठा,2,नौमुले गाउँपालिका,8
773,6,63,चौराठा,3,नौमुले गाउँपालिका,8
774,6,63,चौराठा,4,नौमुले गाउँपालिका,8
775,6,63,चौराठा,5,नौमुले गाउँपालिका,8
776,6,63,चौराठा,6,नौमुले गाउँपालिका,8
777,6,63,चौराठा,7,नौमुले गाउँपालिका,8
778,6,63,चौराठा,8,नौमुले गाउँपालिका,8
779,6,63,चौराठा,9,नौमुले गाउँपालिका,8
780,6,63,खरिगैरा,1,महाबु गाउँपालिका,1
781,6,63,खरिगैरा,2,महाबु गाउँपालिका,1
782,6,63,खरिगैरा,3,महाबु गाउँपालिका,1
783,6,63,खरिगैरा,4,महाबु गाउँपालिका,1
784,6,63,खरिगैरा,5,महाबु गाउँपालिका,1
785,6,63,खरिगैरा,6,महाबु गाउँपालिका,1
786,6,63,खरिगैरा,7,महाबु गाउँपालिका,1
787,6,63,बडाखोला,1,महाबु गाउँपालिका,2
788,6,63,बडाखोला,2,महाबु गाउँपालिका,2
789,6,63,बडाखोला,3,महाबु गाउँपालिका,2
790,6,63,बडाखोला,4,महाबु गाउँपालिका,2
791,6,63,बडाखोला,5,महाबु गाउँपालिका,2
792,6,63,बडाखोला,6,महाबु गाउँपालिका,2
793,6,63,बडाखोला,7,महाबु गाउँपालिका,2
794,6,63,बडाखोला,8,महाबु गाउँपालिका,2
795,6,63,बडाखोला,9,महाबु गाउँपालिका,2
796,6,63,बाँसी,1,महाबु गाउँपालिका,3
797,6,63,बाँसी,2,महाबु गाउँपालिका,3
798,6,63,बाँसी,3,महाबु गाउँपालिका,3
799,6,63,बाँसी,4,महाबु गाउँपालिका,3
800,6,63,बाँसी,5,महाबु गाउँपालिका,3
801,6,63,बाँसी,6,महाबु गाउँपालिका,3
802,6,63,बाँसी,7,महाबु गाउँपालिका,3
803,6,63,बाँसी,8,महाबु गाउँपालिका,3
804,6,63,बाँसी,9,महाबु गाउँपालिका,3
805,6,63,रानीवन,5,महाबु गाउँपालिका,4
806,6,63,रानीवन,6,महाबु गाउँपालिका,4
807,6,63,रानीवन,7,महाबु गाउँपालिका,4
808,6,63,रानीवन,8,महाबु गाउँपालिका,4
809,6,63,रानीवन,9,महाबु गाउँपालिका,4
810,6,63,काँशीकाँध,2,महाबु गाउँपालिका,5
811,6,63,काँशीकाँध,4,महाबु गाउँपालिका,5
812,6,63,काँशीकाँध,6,महाबु गाउँपालिका,5
813,6,63,काँशीकाँध,7,महाबु गाउँपालिका,5
814,6,63,काँशीकाँध,9,महाबु गाउँपालिका,5
815,6,63,काँशीकाँध,1,महाबु गाउँपालिका,6
816,6,63,काँशीकाँध,3,महाबु गाउँपालिका,6
817,6,63,काँशीकाँध,5,महाबु गाउँपालिका,6
818,6,63,रानीवन,1,महाबु गाउँपालिका,6
819,6,63,रानीवन,2,महाबु गाउँपालिका,6
820,6,63,रानीवन,3,महाबु गाउँपालिका,6
821,6,63,रानीवन,4,महाबु गाउँपालिका,6
822,6,63,रावतकोट,5,भैरवी गाउँपालिका,1
823,6,63,रावतकोट,6,भैरवी गाउँपालिका,1
824,6,63,रावतकोट,7,भैरवी गाउँपालिका,1
825,6,63,रावतकोट,8,भैरवी गाउँपालिका,1
826,6,63,रावतकोट,9,भैरवी गाउँपालिका,1
827,6,63,रावतकोट,1,भैरवी गाउँपालिका,2
828,6,63,रावतकोट,2,भैरवी गाउँपालिका,2
829,6,63,रावतकोट,3,भैरवी गाउँपालिका,2
830,6,63,रावतकोट,4,भैरवी गाउँपालिका,2
831,6,63,दुल्लु,10,भैरवी गाउँपालिका,3
832,6,63,भैरीकालिकाथुम,1,भैरवी गाउँपालिका,4
833,6,63,भैरीकालिकाथुम,2,भैरवी गाउँपालिका,4
834,6,63,भैरीकालिकाथुम,5,भैरवी गाउँपालिका,4
835,6,63,भैरीकालिकाथुम,6,भैरवी गाउँपालिका,4
836,6,63,भैरीकालिकाथुम,3,भैरवी गाउँपालिका,5
837,6,63,भैरीकालिकाथुम,7,भैरवी गाउँपालिका,5
838,6,63,भैरीकालिकाथुम,8,भैरवी गाउँपालिका,5
839,6,63,भैरीकालिकाथुम,9,भैरवी गाउँपालिका,5
840,6,63,कुशापानी,1,भैरवी गाउँपालिका,6
841,6,63,कुशापानी,2,भैरवी गाउँपालिका,6
842,6,63,कुशापानी,3,भैरवी गाउँपालिका,6
843,6,63,कुशापानी,4,भैरवी गाउँपालिका,6
844,6,63,काँशीकाँध,8,भैरवी गाउँपालिका,6
845,6,63,कुशापानी,5,भैरवी गाउँपालिका,7
846,6,63,कुशापानी,6,भैरवी गाउँपालिका,7
847,6,63,कुशापानी,7,भैरवी गाउँपालिका,7
848,6,63,कुशापानी,8,भैरवी गाउँपालिका,7
849,6,63,कुशापानी,9,भैरवी गाउँपालिका,7
850,6,63,लकान्द्र,6,ठाँटीकाँध गाउँपालिका,1
851,6,63,लकान्द्र,7,ठाँटीकाँध गाउँपालिका,1
852,6,63,लकान्द्र,8,ठाँटीकाँध गाउँपालिका,1
853,6,63,लकान्द्र,9,ठाँटीकाँध गाउँपालिका,1
854,6,63,लकान्द्र,1,ठाँटीकाँध गाउँपालिका,2
855,6,63,लकान्द्र,2,ठाँटीकाँध गाउँपालिका,2
856,6,63,लकान्द्र,3,ठाँटीकाँध गाउँपालिका,2
857,6,63,लकान्द्र,4,ठाँटीकाँध गाउँपालिका,2
858,6,63,लकान्द्र,5,ठाँटीकाँध गाउँपालिका,2
859,6,63,विशाला,1,ठाँटीकाँध गाउँपालिका,3
860,6,63,विशाला,2,ठाँटीकाँध गाउँपालिका,3
861,6,63,विशाला,3,ठाँटीकाँध गाउँपालिका,3
862,6,63,विशाला,4,ठाँटीकाँध गाउँपालिका,3
863,6,63,विशाला,5,ठाँटीकाँध गाउँपालिका,3
864,6,63,विशाला,6,ठाँटीकाँध गाउँपालिका,4
865,6,63,विशाला,7,ठाँटीकाँध गाउँपालिका,4
866,6,63,विशाला,8,ठाँटीकाँध गाउँपालिका,4
867,6,63,विशाला,9,ठाँटीकाँध गाउँपालिका,4
868,6,63,तोलीजैसी,1,ठाँटीकाँध गाउँपालिका,5
869,6,63,तोलीजैसी,2,ठाँटीकाँध गाउँपालिका,5
870,6,63,तोलीजैसी,3,ठाँटीकाँध गाउँपालिका,5
871,6,63,तोलीजैसी,4,ठाँटीकाँध गाउँपालिका,5
872,6,63,तोलीजैसी,5,ठाँटीकाँध गाउँपालिका,5
873,6,63,तोलीजैसी,6,ठाँटीकाँध गाउँपालिका,5
874,6,63,तोलीजैसी,7,ठाँटीकाँध गाउँपालिका,6
875,6,63,तोलीजैसी,8,ठाँटीकाँध गाउँपालिका,6
876,6,63,तोलीजैसी,9,ठाँटीकाँध गाउँपालिका,6
877,6,62,भेरीमालिका,1,भेरी नगरपालिका,1
878,6,62,भेरीमालिका,2,भेरी नगरपालिका,2
879,6,62,भेरीमालिका,3,भेरी नगरपालिका,3
880,6,62,भेरीमालिका,4,भेरी नगरपालिका,4
881,6,62,भेरीमालिका,5,भेरी नगरपालिका,5
882,6,62,भेरीमालिका,6,भेरी नगरपालिका,6
883,6,62,भेरीमालिका,7,भेरी नगरपालिका,7
884,6,62,भेरीमालिका,8,भेरी नगरपालिका,8
885,6,62,भेरीमालिका,9,भेरी नगरपालिका,9
886,6,62,भेरीमालिका,10,भेरी नगरपालिका,10
887,6,62,भेरीमालिका,11,भेरी नगरपालिका,11
888,6,62,भेरीमालिका,12,भेरी नगरपालिका,12
889,6,62,भेरीमालिका,13,भेरी नगरपालिका,13
890,6,62,साल्मा,1,छेडागाड नगरपालिका,1
891,6,62,साल्मा,3,छेडागाड नगरपालिका,1
892,6,62,साल्मा,5,छेडागाड नगरपालिका,1
893,6,62,साल्मा,6,छेडागाड नगरपालिका,1
894,6,62,साल्मा,2,छेडागाड नगरपालिका,2
895,6,62,साल्मा,4,छेडागाड नगरपालिका,2
896,6,62,साल्मा,7,छेडागाड नगरपालिका,2
897,6,62,साल्मा,9,छेडागाड नगरपालिका,2
898,6,62,दशेरा,1,छेडागाड नगरपालिका,3
899,6,62,दशेरा,2,छेडागाड नगरपालिका,3
900,6,62,दशेरा,3,छेडागाड नगरपालिका,3
901,6,62,दशेरा,4,छेडागाड नगरपालिका,4
902,6,62,दशेरा,5,छेडागाड नगरपालिका,4
903,6,62,दशेरा,6,छेडागाड नगरपालिका,4
904,6,62,दशेरा,7,छेडागाड नगरपालिका,5
905,6,62,दशेरा,8,छेडागाड नगरपालिका,5
906,6,62,दशेरा,9,छेडागाड नगरपालिका,5
907,6,62,सुवानाउली,1,छेडागाड नगरपालिका,6
908,6,62,सुवानाउली,2,छेडागाड नगरपालिका,6
909,6,62,सुवानाउली,3,छेडागाड नगरपालिका,6
910,6,62,सुवानाउली,4,छेडागाड नगरपालिका,6
911,6,62,सुवानाउली,5,छेडागाड नगरपालिका,6
912,6,62,सुवानाउली,6,छेडागाड नगरपालिका,6
913,6,62,सुवानाउली,7,छेडागाड नगरपालिका,6
914,6,62,सुवानाउली,8,छेडागाड नगरपालिका,6
915,6,62,सुवानाउली,9,छेडागाड नगरपालिका,6
916,6,62,पजारु,9,छेडागाड नगरपालिका,7
917,6,62,पजारु,6,छेडागाड नगरपालिका,8
918,6,62,पजारु,7,छेडागाड नगरपालिका,8
919,6,62,पजारु,8,छेडागाड नगरपालिका,8
920,6,62+B938,पजारु,3,छेडागाड नगरपालिका,9
921,6,62,पजारु,4,छेडागाड नगरपालिका,9
922,6,62,पजारु,5,छेडागाड नगरपालिका,9
923,6,62,झाप्रा,5,छेडागाड नगरपालिका,10
924,6,62,झाप्रा,6,छेडागाड नगरपालिका,10
925,6,62,झाप्रा,7,छेडागाड नगरपालिका,10
926,6,62,झाप्रा,8,छेडागाड नगरपालिका,10
927,6,62,झाप्रा,9,छेडागाड नगरपालिका,10
928,6,62,झाप्रा,1,छेडागाड नगरपालिका,11
929,6,62,झाप्रा,2,छेडागाड नगरपालिका,11
930,6,62,झाप्रा,3,छेडागाड नगरपालिका,11
931,6,62,झाप्रा,4,छेडागाड नगरपालिका,11
932,6,62,कार्किगाउँ,1,छेडागाड नगरपालिका,12
933,6,62,कार्किगाउँ,2,छेडागाड नगरपालिका,12
934,6,62,कार्किगाउँ,3,छेडागाड नगरपालिका,12
935,6,62,कार्किगाउँ,4,छेडागाड नगरपालिका,12
936,6,62,कार्किगाउँ,5,छेडागाड नगरपालिका,13
937,6,62,कार्किगाउँ,6,छेडागाड नगरपालिका,13
938,6,62,कार्किगाउँ,7,छेडागाड नगरपालिका,13
939,6,62,कार्किगाउँ,8,छेडागाड नगरपालिका,13
940,6,62,कार्किगाउँ,9,छेडागाड नगरपालिका,13
941,6,62,डाँडागाउँ,1,त्रिवेणी नलगाड नगरपालिका,1
942,6,62,डाँडागाउँ,2,त्रिवेणी नलगाड नगरपालिका,1
943,6,62,डाँडागाउँ,3,त्रिवेणी नलगाड नगरपालिका,1
944,6,62,डाँडागाउँ,4,त्रिवेणी नलगाड नगरपालिका,2
945,6,62,डाँडागाउँ,5,त्रिवेणी नलगाड नगरपालिका,2
946,6,62,डाँडागाउँ,6,त्रिवेणी नलगाड नगरपालिका,3
947,6,62,डाँडागाउँ,7,त्रिवेणी नलगाड नगरपालिका,3
948,6,62,डाँडागाउँ,8,त्रिवेणी नलगाड नगरपालिका,3
949,6,62,डाँडागाउँ,9,त्रिवेणी नलगाड नगरपालिका,3
950,6,62,लहँ,3,त्रिवेणी नलगाड नगरपालिका,4
951,6,62,लहँ,4,त्रिवेणी नलगाड नगरपालिका,4
952,6,62,लहँ,5,त्रिवेणी नलगाड नगरपालिका,4
953,6,62,लहँ,6,त्रिवेणी नलगाड नगरपालिका,5
954,6,62,लहँ,7,त्रिवेणी नलगाड नगरपालिका,5
955,6,62,लहँ,8,त्रिवेणी नलगाड नगरपालिका,5
956,6,62,लहँ,1,त्रिवेणी नलगाड नगरपालिका,6
957,6,62,लहँ,2,त्रिवेणी नलगाड नगरपालिका,6
958,6,62,लहँ,9,त्रिवेणी नलगाड नगरपालिका,6
959,6,62,खगेनकोट,1,त्रिवेणी नलगाड नगरपालिका,7
960,6,62,खगेनकोट,2,त्रिवेणी नलगाड नगरपालिका,7
961,6,62,खगेनकोट,3,त्रिवेणी नलगाड नगरपालिका,7
962,6,62,खगेनकोट,4,त्रिवेणी नलगाड नगरपालिका,7
963,6,62,खगेनकोट,5,त्रिवेणी नलगाड नगरपालिका,8
964,6,62,खगेनकोट,6,त्रिवेणी नलगाड नगरपालिका,8
965,6,62,खगेनकोट,7,त्रिवेणी नलगाड नगरपालिका,8
966,6,62,खगेनकोट,8,त्रिवेणी नलगाड नगरपालिका,8
967,6,62,खगेनकोट,9,त्रिवेणी नलगाड नगरपालिका,8
968,6,62,रग्दा,1,त्रिवेणी नलगाड नगरपालिका,9
969,6,62,रग्दा,2,त्रिवेणी नलगाड नगरपालिका,9
970,6,62,रग्दा,3,त्रिवेणी नलगाड नगरपालिका,9
971,6,62,रग्दा,4,त्रिवेणी नलगाड नगरपालिका,10
972,6,62,रग्दा,5,त्रिवेणी नलगाड नगरपालिका,10
973,6,62,रग्दा,6,त्रिवेणी नलगाड नगरपालिका,10
974,6,62,रग्दा,7,त्रिवेणी नलगाड नगरपालिका,11
975,6,62,रग्दा,8,त्रिवेणी नलगाड नगरपालिका,11
976,6,62,रग्दा,9,त्रिवेणी नलगाड नगरपालिका,11
977,6,62,भगवती,1,त्रिवेणी नलगाड नगरपालिका,12
978,6,62,भगवती,2,त्रिवेणी नलगाड नगरपालिका,12
979,6,62,भगवती,3,त्रिवेणी नलगाड नगरपालिका,12
980,6,62,भगवती,4,त्रिवेणी नलगाड नगरपालिका,12
981,6,62,भगवती,5,त्रिवेणी नलगाड नगरपालिका,12
982,6,62,भगवती,6,त्रिवेणी नलगाड नगरपालिका,13
983,6,62,भगवती,7,त्रिवेणी नलगाड नगरपालिका,13
984,6,62,भगवती,8,त्रिवेणी नलगाड नगरपालिका,13
985,6,62,भगवती,9,त्रिवेणी नलगाड नगरपालिका,13
986,6,62,पजारु,1,कुसे गाउँपालिका,1
987,6,62,पजारु,2,कुसे गाउँपालिका,1
988,6,62,टालेगाउँ,9,कुसे गाउँपालिका,1
989,6,62,टालेगाउँ,1,कुसे गाउँपालिका,2
990,6,62,टालेगाउँ,2,कुसे गाउँपालिका,2
991,6,62,टालेगाउँ,3,कुसे गाउँपालिका,2
992,6,62,टालेगाउँ,4,कुसे गाउँपालिका,2
993,6,62,टालेगाउँ,5,कुसे गाउँपालिका,2
994,6,62,टालेगाउँ,6,कुसे गाउँपालिका,2
995,6,62,टालेगाउँ,7,कुसे गाउँपालिका,2
996,6,62,टालेगाउँ,8,कुसे गाउँपालिका,2
997,6,62,अर्छानी,1,कुसे गाउँपालिका,3
998,6,62,अर्छानी,2,कुसे गाउँपालिका,3
999,6,62,अर्छानी,3,कुसे गाउँपालिका,3
1000,6,62,अर्छानी,4,कुसे गाउँपालिका,3
1001,6,62,अर्छानी,5,कुसे गाउँपालिका,4
1002,6,62,अर्छानी,6,कुसे गाउँपालिका,4
1003,6,62,अर्छानी,7,कुसे गाउँपालिका,4
1004,6,62,अर्छानी,8,कुसे गाउँपालिका,4
1005,6,62,अर्छानी,9,कुसे गाउँपालिका,4
1006,6,62,ढिमे,1,कुसे गाउँपालिका,5
1007,6,62,ढिमे,2,कुसे गाउँपालिका,5
1008,6,62,ढिमे,5,कुसे गाउँपालिका,5
1009,6,62,ढिमे,3,कुसे गाउँपालिका,6
1010,6,62,ढिमे,4,कुसे गाउँपालिका,6
1011,6,62,ढिमे,6,कुसे गाउँपालिका,6
1012,6,62,ढिमे,7,कुसे गाउँपालिका,7
1013,6,62,ढिमे,8,कुसे गाउँपालिका,7
1014,6,62,ढिमे,9,कुसे गाउँपालिका,7
1015,6,62,पैंक,1,कुसे गाउँपालिका,8
1016,6,62,पैंक,4,कुसे गाउँपालिका,8
1017,6,62,पैंक,6,कुसे गाउँपालिका,8
1018,6,62,पैंक,7,कुसे गाउँपालिका,8
1019,6,62,पैंक,8,कुसे गाउँपालिका,8
1020,6,62,पैंक,9,कुसे गाउँपालिका,8
1021,6,62,पैंक,2,कुसे गाउँपालिका,9
1022,6,62,पैंक,3,कुसे गाउँपालिका,9
1023,6,62,पैंक,5,कुसे गाउँपालिका,9
1024,6,62,मजकोट,7,जुनीचाँदे गाउँपालिका,1
1025,6,62,मजकोट,8,जुनीचाँदे गाउँपालिका,1
1026,6,62,मजकोट,9,जुनीचाँदे गाउँपालिका,1
1027,6,62,मजकोट,5,जुनीचाँदे गाउँपालिका,2
1028,6,62,मजकोट,6,जुनीचाँदे गाउँपालिका,2
1029,6,62,मजकोट,3,जुनीचाँदे गाउँपालिका,3
1030,6,62,मजकोट,4,जुनीचाँदे गाउँपालिका,3
1031,6,62,मजकोट,1,जुनीचाँदे गाउँपालिका,4
1032,6,62,मजकोट,2,जुनीचाँदे गाउँपालिका,4
1033,6,62,गर्खाकोट,1,जुनीचाँदे गाउँपालिका,5
1034,6,62,गर्खाकोट,2,जुनीचाँदे गाउँपालिका,5
1035,6,62,गर्खाकोट,3,जुनीचाँदे गाउँपालिका,5
1036,6,62,गर्खाकोट,4,जुनीचाँदे गाउँपालिका,5
1037,6,62,गर्खाकोट,5,जुनीचाँदे गाउँपालिका,6
1038,6,62,गर्खाकोट,6,जुनीचाँदे गाउँपालिका,6
1039,6,62,गर्खाकोट,7,जुनीचाँदे गाउँपालिका,6
1040,6,62,गर्खाकोट,8,जुनीचाँदे गाउँपालिका,6
1041,6,62,गर्खाकोट,9,जुनीचाँदे गाउँपालिका,6
1042,6,62,दह,1,जुनीचाँदे गाउँपालिका,7
1043,6,62,दह,2,जुनीचाँदे गाउँपालिका,7
1044,6,62,दह,3,जुनीचाँदे गाउँपालिका,8
1045,6,62,दह,4,जुनीचाँदे गाउँपालिका,8
1046,6,62,दह,9,जुनीचाँदे गाउँपालिका,8
1047,6,62,दह,5,जुनीचाँदे गाउँपालिका,9
1048,6,62,दह,6,जुनीचाँदे गाउँपालिका,9
1049,6,62,दह,7,जुनीचाँदे गाउँपालिका,9
1050,6,62,दह,8,जुनीचाँदे गाउँपालिका,9
1051,6,62,कोर्ताङ्ग,6,जुनीचाँदे गाउँपालिका,10
1052,6,62,कोर्ताङ्ग,7,जुनीचाँदे गाउँपालिका,10
1053,6,62,कोर्ताङ्ग,8,जुनीचाँदे गाउँपालिका,10
1054,6,62,कोर्ताङ्ग,9,जुनीचाँदे गाउँपालिका,10
1055,6,62,कोर्ताङ्ग,1,जुनीचाँदे गाउँपालिका,11
1056,6,62,कोर्ताङ्ग,2,जुनीचाँदे गाउँपालिका,11
1057,6,62,कोर्ताङ्ग,3,जुनीचाँदे गाउँपालिका,11
1058,6,62,कोर्ताङ्ग,4,जुनीचाँदे गाउँपालिका,11
1059,6,62,कोर्ताङ्ग,5,जुनीचाँदे गाउँपालिका,11
1060,6,62,रामिडाँडा,1,बारेकोट गाउँपालिका,1
1061,6,62,रामिडाँडा,2,बारेकोट गाउँपालिका,1
1062,6,62,रामिडाँडा,3,बारेकोट गाउँपालिका,1
1063,6,62,रामिडाँडा,4,बारेकोट गाउँपालिका,1
1064,6,62,रामिडाँडा,5,बारेकोट गाउँपालिका,1
1065,6,62,रामिडाँडा,6,बारेकोट गाउँपालिका,1
1066,6,62,रामिडाँडा,7,बारेकोट गाउँपालिका,1
1067,6,62,रामिडाँडा,8,बारेकोट गाउँपालिका,1
1068,6,62,रामिडाँडा,9,बारेकोट गाउँपालिका,1
1069,6,62,रोकायगाउँ,5,बारेकोट गाउँपालिका,2
1070,6,62,रोकायगाउँ,6,बारेकोट गाउँपालिका,2
1071,6,62,रोकायगाउँ,7,बारेकोट गाउँपालिका,2
1072,6,62,रोकायगाउँ,8,बारेकोट गाउँपालिका,2
1073,6,62,रोकायगाउँ,9,बारेकोट गाउँपालिका,2
1074,6,62,रोकायगाउँ,1,बारेकोट गाउँपालिका,3
1075,6,62,रोकायगाउँ,2,बारेकोट गाउँपालिका,3
1076,6,62,रोकायगाउँ,3,बारेकोट गाउँपालिका,3
1077,6,62,रोकायगाउँ,4,बारेकोट गाउँपालिका,3
1078,6,62,नायकवाडा,2,बारेकोट गाउँपालिका,4
1079,6,62,नायकवाडा,3,बारेकोट गाउँपालिका,4
1080,6,62,नायकवाडा,4,बारेकोट गाउँपालिका,4
1081,6,62,नायकवाडा,1,बारेकोट गाउँपालिका,5
1082,6,62,नायकवाडा,5,बारेकोट गाउँपालिका,5
1083,6,62,नायकवाडा,6,बारेकोट गाउँपालिका,5
1084,6,62,नायकवाडा,7,बारेकोट गाउँपालिका,5
1085,6,62,नायकवाडा,8,बारेकोट गाउँपालिका,6
1086,6,62,नायकवाडा,9,बारेकोट गाउँपालिका,6
1087,6,62,सक्ला,4,बारेकोट गाउँपालिका,7
1088,6,62,सक्ला,5,बारेकोट गाउँपालिका,7
1089,6,62,सक्ला,6,बारेकोट गाउँपालिका,7
1090,6,62,सक्ला,1,बारेकोट गाउँपालिका,8
1091,6,62,सक्ला,2,बारेकोट गाउँपालिका,8
1092,6,62,सक्ला,3,बारेकोट गाउँपालिका,8
1093,6,62,सक्ला,7,बारेकोट गाउँपालिका,9
1094,6,62,सक्ला,8,बारेकोट गाउँपालिका,9
1095,6,62,सक्ला,9,बारेकोट गाउँपालिका,9
1096,6,62,सीमा,7,शिवालय गाउँपालिका,1
1097,6,62,सीमा,8,शिवालय गाउँपालिका,1
1098,6,62,सीमा,9,शिवालय गाउँपालिका,1
1099,6,62,सीमा,2,शिवालय गाउँपालिका,2
1100,6,62,सीमा,5,शिवालय गाउँपालिका,2
1101,6,62,सीमा,6,शिवालय गाउँपालिका,2
1102,6,62,सीमा,1,शिवालय गाउँपालिका,3
1103,6,62,सीमा,3,शिवालय गाउँपालिका,3
1104,6,62,सीमा,4,शिवालय गाउँपालिका,3
1105,6,62,थालारैकर,5,शिवालय गाउँपालिका,4
1106,6,62,थालारैकर,6,शिवालय गाउँपालिका,4
1107,6,62,थालारैकर,1,शिवालय गाउँपालिका,5
1108,6,62,थालारैकर,3,शिवालय गाउँपालिका,5
1109,6,62,थालारैकर,4,शिवालय गाउँपालिका,5
1110,6,62,थालारैकर,2,शिवालय गाउँपालिका,6
1111,6,62,थालारैकर,7,शिवालय गाउँपालिका,6
1112,6,62,थालारैकर,8,शिवालय गाउँपालिका,6
1113,6,62,थालारैकर,9,शिवालय गाउँपालिका,6
1114,6,62,जुँगाथापाचौर,5,शिवालय गाउँपालिका,7
1115,6,62,जुँगाथापाचौर,6,शिवालय गाउँपालिका,7
1116,6,62,जुँगाथापाचौर,7,शिवालय गाउँपालिका,7
1117,6,62,जुँगाथापाचौर,8,शिवालय गाउँपालिका,7
1118,6,62,जुँगाथापाचौर,1,शिवालय गाउँपालिका,8
1119,6,62,जुँगाथापाचौर,2,शिवालय गाउँपालिका,8
1120,6,62,जुँगाथापाचौर,3,शिवालय गाउँपालिका,8
1121,6,62,जुँगाथापाचौर,4,शिवालय गाउँपालिका,8
1122,6,62,जुँगाथापाचौर,9,शिवालय गाउँपालिका,9
1123,6,57,दुनै,6,ठुली भेरी नगरपालिका,1
1124,6,57,दुनै,7,ठुली भेरी नगरपालिका,1
1125,6,57,दुनै,8,ठुली भेरी नगरपालिका,2
1126,6,57,दुनै,9,ठुली भेरी नगरपालिका,2
1127,6,57,दुनै,1,ठुली भेरी नगरपालिका,3
1128,6,57,दुनै,4,ठुली भेरी नगरपालिका,3
1129,6,57,दुनै,5,ठुली भेरी नगरपालिका,3
1130,6,57,दुनै,2,ठुली भेरी नगरपालिका,4
1131,6,57,दुनै,3,ठुली भेरी नगरपालिका,4
1132,6,57,माझफल,1,ठुली भेरी नगरपालिका,5
1133,6,57,माझफल,2,ठुली भेरी नगरपालिका,5
1134,6,57,माझफल,3,ठुली भेरी नगरपालिका,5
1135,6,57,माझफल,4,ठुली भेरी नगरपालिका,5
1136,6,57,माझफल,5,ठुली भेरी नगरपालिका,5
1137,6,57,माझफल,6,ठुली भेरी नगरपालिका,6
1138,6,57,माझफल,7,ठुली भेरी नगरपालिका,6
1139,6,57,माझफल,8,ठुली भेरी नगरपालिका,6
1140,6,57,माझफल,9,ठुली भेरी नगरपालिका,6
1141,6,57,जुफाल,1,ठुली भेरी नगरपालिका,7
1142,6,57,जुफाल,2,ठुली भेरी नगरपालिका,7
1143,6,57,जुफाल,3,ठुली भेरी नगरपालिका,7
1144,6,57,जुफाल,4,ठुली भेरी नगरपालिका,8
1145,6,57,जुफाल,5,ठुली भेरी नगरपालिका,8
1146,6,57,जुफाल,6,ठुली भेरी नगरपालिका,8
1147,6,57,जुफाल,7,ठुली भेरी नगरपालिका,9
1148,6,57,जुफाल,8,ठुली भेरी नगरपालिका,9
1149,6,57,जुफाल,9,ठुली भेरी नगरपालिका,9
1150,6,57,रह,1,ठुली भेरी नगरपालिका,10
1151,6,57,रह,2,ठुली भेरी नगरपालिका,10
1152,6,57,रह,3,ठुली भेरी नगरपालिका,10
1153,6,57,रह,4,ठुली भेरी नगरपालिका,10
1154,6,57,रह,5,ठुली भेरी नगरपालिका,11
1155,6,57,रह,6,ठुली भेरी नगरपालिका,11
1156,6,57,रह,7,ठुली भेरी नगरपालिका,11
1157,6,57,रह,8,ठुली भेरी नगरपालिका,11
1158,6,57,रह,9,ठुली भेरी नगरपालिका,11
1159,6,57,त्रिपुराकोट,1,त्रिपुरासुन्दरीनगरपालिका,1
1160,6,57,त्रिपुराकोट,2,त्रिपुरासुन्दरीनगरपालिका,1
1161,6,57,त्रिपुराकोट,3,त्रिपुरासुन्दरीनगरपालिका,1
1162,6,57,त्रिपुराकोट,9,त्रिपुरासुन्दरीनगरपालिका,1
1163,6,57,त्रिपुराकोट,4,त्रिपुरासुन्दरीनगरपालिका,2
1164,6,57,त्रिपुराकोट,5,त्रिपुरासुन्दरीनगरपालिका,2
1165,6,57,त्रिपुराकोट,6,त्रिपुरासुन्दरीनगरपालिका,2
1166,6,57,त्रिपुराकोट,7,त्रिपुरासुन्दरीनगरपालिका,2
1167,6,57,त्रिपुराकोट,8,त्रिपुरासुन्दरीनगरपालिका,2
1168,6,57,सुँ,1,त्रिपुरासुन्दरीनगरपालिका,3
1169,6,57,सुँ,2,त्रिपुरासुन्दरीनगरपालिका,3
1170,6,57,सुँ,3,त्रिपुरासुन्दरीनगरपालिका,3
1171,6,57,सुँ,4,त्रिपुरासुन्दरीनगरपालिका,3
1172,6,57,सुँ,5,त्रिपुरासुन्दरीनगरपालिका,3
1173,6,57,सुँ,6,त्रिपुरासुन्दरीनगरपालिका,3
1174,6,57,सुँ,7,त्रिपुरासुन्दरीनगरपालिका,4
1175,6,57,सुँ,8,त्रिपुरासुन्दरीनगरपालिका,4
1176,6,57,सुँ,9,त्रिपुरासुन्दरीनगरपालिका,4
1177,6,57,ल्हाँ,1,त्रिपुरासुन्दरीनगरपालिका,5
1178,6,57,ल्हाँ,2,त्रिपुरासुन्दरीनगरपालिका,5
1179,6,57,ल्हाँ,3,त्रिपुरासुन्दरीनगरपालिका,5
1180,6,57,ल्हाँ,4,त्रिपुरासुन्दरीनगरपालिका,5
1181,6,57,ल्हाँ,5,त्रिपुरासुन्दरीनगरपालिका,5
1182,6,57,ल्हाँ,6,त्रिपुरासुन्दरीनगरपालिका,6
1183,6,57,ल्हाँ,7,त्रिपुरासुन्दरीनगरपालिका,6
1184,6,57,ल्हाँ,8,त्रिपुरासुन्दरीनगरपालिका,6
1185,6,57,ल्हाँ,9,त्रिपुरासुन्दरीनगरपालिका,6
1186,6,57,पहाडा,1,त्रिपुरासुन्दरीनगरपालिका,7
1187,6,57,पहाडा,2,त्रिपुरासुन्दरीनगरपालिका,7
1188,6,57,पहाडा,3,त्रिपुरासुन्दरीनगरपालिका,7
1189,6,57,पहाडा,4,त्रिपुरासुन्दरीनगरपालिका,7
1190,6,57,पहाडा,5,त्रिपुरासुन्दरीनगरपालिका,7
1191,6,57,पहाडा,6,त्रिपुरासुन्दरीनगरपालिका,8
1192,6,57,पहाडा,7,त्रिपुरासुन्दरीनगरपालिका,8
1193,6,57,पहाडा,8,त्रिपुरासुन्दरीनगरपालिका,8
1194,6,57,पहाडा,9,त्रिपुरासुन्दरीनगरपालिका,8
1195,6,57,लिकु,1,त्रिपुरासुन्दरीनगरपालिका,9
1196,6,57,लिकु,2,त्रिपुरासुन्दरीनगरपालिका,9
1197,6,57,लिकु,3,त्रिपुरासुन्दरीनगरपालिका,9
1198,6,57,लिकु,4,त्रिपुरासुन्दरीनगरपालिका,10
1199,6,57,लिकु,5,त्रिपुरासुन्दरीनगरपालिका,10
1200,6,57,लिकु,6,त्रिपुरासुन्दरीनगरपालिका,11
1201,6,57,लिकु,7,त्रिपुरासुन्दरीनगरपालिका,11
1202,6,57,लिकु,8,त्रिपुरासुन्दरीनगरपालिका,11
1203,6,57,लिकु,9,त्रिपुरासुन्दरीनगरपालिका,11
1204,6,57,धो,1,डोल्पो बुद्ध गाउँपालिका,1
1205,6,57,धो,2,डोल्पो बुद्ध गाउँपालिका,1
1206,6,57,धो,3,डोल्पो बुद्ध गाउँपालिका,1
1207,6,57,धो,4,डोल्पो बुद्ध गाउँपालिका,1
1208,6,57,धो,5,डोल्पो बुद्ध गाउँपालिका,2
1209,6,57,धो,6,डोल्पो बुद्ध गाउँपालिका,3
1210,6,57,धो,7,डोल्पो बुद्ध गाउँपालिका,3
1211,6,57,धो,8,डोल्पो बुद्ध गाउँपालिका,3
1212,6,57,धो,9,डोल्पो बुद्ध गाउँपालिका,3
1213,6,57,तिन्जे,1,डोल्पो बुद्ध गाउँपालिका,4
1214,6,57,तिन्जे,2,डोल्पो बुद्ध गाउँपालिका,4
1215,6,57,तिन्जे,3,डोल्पो बुद्ध गाउँपालिका,5
1216,6,57,तिन्जे,4,डोल्पो बुद्ध गाउँपालिका,5
1217,6,57,तिन्जे,5,डोल्पो बुद्ध गाउँपालिका,5
1218,6,57,तिन्जे,6,डोल्पो बुद्ध गाउँपालिका,6
1219,6,57,तिन्जे,7,डोल्पो बुद्ध गाउँपालिका,6
1220,6,57,तिन्जे,8,डोल्पो बुद्ध गाउँपालिका,6
1221,6,57,तिन्जे,9,डोल्पो बुद्ध गाउँपालिका,6
1222,6,57,साल्दाङ्ग,1,शे फोक्सुण्डो गाउँपालिका,1
1223,6,57,साल्दाङ्ग,2,शे फोक्सुण्डो गाउँपालिका,1
1224,6,57,साल्दाङ्ग,9,शे फोक्सुण्डो गाउँपालिका,1
1225,6,57,साल्दाङ्ग,3,शे फोक्सुण्डो गाउँपालिका,2
1226,6,57,साल्दाङ्ग,4,शे फोक्सुण्डो गाउँपालिका,2
1227,6,57,साल्दाङ्ग,5,शे फोक्सुण्डो गाउँपालिका,3
1228,6,57,साल्दाङ्ग,6,शे फोक्सुण्डो गाउँपालिका,3
1229,6,57,साल्दाङ्ग,7,शे फोक्सुण्डो गाउँपालिका,4
1230,6,57,साल्दाङ्ग,8,शे फोक्सुण्डो गाउँपालिका,4
1231,6,57,भिजेर,1,शे फोक्सुण्डो गाउँपालिका,5
1232,6,57,भिजेर,2,शे फोक्सुण्डो गाउँपालिका,5
1233,6,57,भिजेर,3,शे फोक्सुण्डो गाउँपालिका,5
1234,6,57,भिजेर,4,शे फोक्सुण्डो गाउँपालिका,5
1235,6,57,भिजेर,5,शे फोक्सुण्डो गाउँपालिका,5
1236,6,57,भिजेर,6,शे फोक्सुण्डो गाउँपालिका,5
1237,6,57,भिजेर,7,शे फोक्सुण्डो गाउँपालिका,5
1238,6,57,भिजेर,8,शे फोक्सुण्डो गाउँपालिका,6
1239,6,57,भिजेर,9,शे फोक्सुण्डो गाउँपालिका,7
1240,6,57,फोक्सुण्डो,1,शे फोक्सुण्डो गाउँपालिका,8
1241,6,57,फोक्सुण्डो,2,शे फोक्सुण्डो गाउँपालिका,8
1242,6,57,फोक्सुण्डो,3,शे फोक्सुण्डो गाउँपालिका,8
1243,6,57,फोक्सुण्डो,4,शे फोक्सुण्डो गाउँपालिका,8
1244,6,57,फोक्सुण्डो,5,शे फोक्सुण्डो गाउँपालिका,8
1245,6,57,फोक्सुण्डो,6,शे फोक्सुण्डो गाउँपालिका,9
1246,6,57,फोक्सुण्डो,7,शे फोक्सुण्डो गाउँपालिका,9
1247,6,57,फोक्सुण्डो,8,शे फोक्सुण्डो गाउँपालिका,9
1248,6,57,फोक्सुण्डो,9,शे फोक्सुण्डो गाउँपालिका,9
1249,6,57,काईगाउँ,1,जगदुल्ला गाउँपालिका,1
1250,6,57,काईगाउँ,2,जगदुल्ला गाउँपालिका,1
1251,6,57,काईगाउँ,3,जगदुल्ला गाउँपालिका,1
1252,6,57,काईगाउँ,4,जगदुल्ला गाउँपालिका,2
1253,6,57,काईगाउँ,5,जगदुल्ला गाउँपालिका,2
1254,6,57,काईगाउँ,6,जगदुल्ला गाउँपालिका,2
1255,6,57,काईगाउँ,7,जगदुल्ला गाउँपालिका,2
1256,6,57,काईगाउँ,8,जगदुल्ला गाउँपालिका,3
1257,6,57,काईगाउँ,9,जगदुल्ला गाउँपालिका,3
1258,6,57,रिमी,7,जगदुल्ला गाउँपालिका,1
1259,6,57,रिमी,8,जगदुल्ला गाउँपालिका,1
1260,6,57,रिमी,9,जगदुल्ला गाउँपालिका,1
1261,6,57,रिमी,1,जगदुल्ला गाउँपालिका,2
1262,6,57,रिमी,2,जगदुल्ला गाउँपालिका,2
1263,6,57,रिमी,3,जगदुल्ला गाउँपालिका,2
1264,6,57,रिमी,4,जगदुल्ला गाउँपालिका,3
1265,6,57,रिमी,5,जगदुल्ला गाउँपालिका,3
1266,6,57,रिमी,6,जगदुल्ला गाउँपालिका,3
1267,6,57,कालिका,1,मुड्केचुलागाउँपालिका,1
1268,6,57,कालिका,2,मुड्केचुलागाउँपालिका,1
1269,6,57,कालिका,5,मुड्केचुलागाउँपालिका,1
1270,6,57,कालिका,4,मुड्केचुलागाउँपालिका,2
1271,6,57,कालिका,6,मुड्केचुलागाउँपालिका,2
1272,6,57,कालिका,7,मुड्केचुलागाउँपालिका,2
1273,6,57,कालिका,3,मुड्केचुलागाउँपालिका,3
1274,6,57,कालिका,8,मुड्केचुलागाउँपालिका,3
1275,6,57,कालिका,9,मुड्केचुलागाउँपालिका,3
1276,6,57,नर्कु,6,मुड्केचुलागाउँपालिका,4
1277,6,57,नर्कु,7,मुड्केचुलागाउँपालिका,4
1278,6,57,नर्कु,8,मुड्केचुलागाउँपालिका,4
1279,6,57,नर्कु,9,मुड्केचुलागाउँपालिका,4
1280,6,57,नर्कु,4,मुड्केचुलागाउँपालिका,5
1281,6,57,नर्कु,5,मुड्केचुलागाउँपालिका,5
1282,6,57,नर्कु,1,मुड्केचुलागाउँपालिका,6
1283,6,57,नर्कु,2,मुड्केचुलागाउँपालिका,6
1284,6,57,नर्कु,3,मुड्केचुलागाउँपालिका,6
1285,6,57,सर्मी,1,मुड्केचुलागाउँपालिका,7
1286,6,57,सर्मी,2,मुड्केचुलागाउँपालिका,7
1287,6,57,सर्मी,3,मुड्केचुलागाउँपालिका,7
1288,6,57,सर्मी,4,मुड्केचुलागाउँपालिका,8
1289,6,57,सर्मी,5,मुड्केचुलागाउँपालिका,8
1290,6,57,सर्मी,6,मुड्केचुलागाउँपालिका,8
1291,6,57,सर्मी,7,मुड्केचुलागाउँपालिका,9
1292,6,57,सर्मी,8,मुड्केचुलागाउँपालिका,9
1293,6,57,सर्मी,9,मुड्केचुलागाउँपालिका,9
1294,6,57,शहरतारा,1,काईके गाउँपालिका,1
1295,6,57,शहरतारा,2,काईके गाउँपालिका,1
1296,6,57,शहरतारा,8,काईके गाउँपालिका,2
1297,6,57,शहरतारा,9,काईके गाउँपालिका,2
1298,6,57,शहरतारा,3,काईके गाउँपालिका,3
1299,6,57,शहरतारा,4,काईके गाउँपालिका,3
1300,6,57,शहरतारा,5,काईके गाउँपालिका,3
1301,6,57,शहरतारा,6,काईके गाउँपालिका,4
1302,6,57,शहरतारा,7,काईके गाउँपालिका,4
1303,6,57,लावन,1,काईके गाउँपालिका,5
1304,6,57,लावन,2,काईके गाउँपालिका,5
1305,6,57,लावन,3,काईके गाउँपालिका,5
1306,6,57,लावन,4,काईके गाउँपालिका,5
1307,6,57,लावन,5,काईके गाउँपालिका,5
1308,6,57,लावन,6,काईके गाउँपालिका,6
1309,6,57,लावन,7,काईके गाउँपालिका,6
1310,6,57,लावन,8,काईके गाउँपालिका,7
1311,6,57,लावन,9,काईके गाउँपालिका,7
1312,6,57,छार्का,1,छार्का ताङसोङगाउँपालिका,1
1313,6,57,छार्का,2,छार्का ताङसोङगाउँपालिका,1
1314,6,57,छार्का,3,छार्का ताङसोङगाउँपालिका,1
1315,6,57,छार्का,4,छार्का ताङसोङगाउँपालिका,1
1316,6,57,छार्का,5,छार्का ताङसोङगाउँपालिका,1
1317,6,57,छार्का,6,छार्का ताङसोङगाउँपालिका,2
1318,6,57,छार्का,7,छार्का ताङसोङगाउँपालिका,2
1319,6,57,छार्का,8,छार्का ताङसोङगाउँपालिका,3
1320,6,57,छार्का,9,छार्का ताङसोङगाउँपालिका,3
1321,6,57,मुकोट,1,छार्का ताङसोङगाउँपालिका,4
1322,6,57,मुकोट,2,छार्का ताङसोङगाउँपालिका,4
1323,6,57,मुकोट,3,छार्का ताङसोङगाउँपालिका,4
1324,6,57,मुकोट,4,छार्का ताङसोङगाउँपालिका,5
1325,6,57,मुकोट,5,छार्का ताङसोङगाउँपालिका,5
1326,6,57,मुकोट,7,छार्का ताङसोङगाउँपालिका,5
1327,6,57,मुकोट,6,छार्का ताङसोङगाउँपालिका,6
1328,6,57,मुकोट,8,छार्का ताङसोङगाउँपालिका,6
1329,6,57,मुकोट,9,छार्का ताङसोङगाउँपालिका,6
1330,6,58,श्रीनगर,1,छायाँनाथ रारा नगरपालिका,1
1331,6,58,श्रीनगर,2,छायाँनाथ रारा नगरपालिका,1
1332,6,58,श्रीनगर,3,छायाँनाथ रारा नगरपालिका,1
1333,6,58,श्रीनगर,4,छायाँनाथ रारा नगरपालिका,1
1334,6,58,श्रीनगर,5,छायाँनाथ रारा नगरपालिका,2
1335,6,58,श्रीनगर,6,छायाँनाथ रारा नगरपालिका,2
1336,6,58,श्रीनगर,7,छायाँनाथ रारा नगरपालिका,3
1337,6,58,श्रीनगर,8,छायाँनाथ रारा नगरपालिका,3
1338,6,58,श्रीनगर,9,छायाँनाथ रारा नगरपालिका,3
1339,6,58,कार्किबाडा,9,छायाँनाथ रारा नगरपालिका,3
1340,6,58,कार्किबाडा,1,छायाँनाथ रारा नगरपालिका,4
1341,6,58,कार्किबाडा,2,छायाँनाथ रारा नगरपालिका,4
1342,6,58,कार्किबाडा,3,छायाँनाथ रारा नगरपालिका,4
1343,6,58,कार्किबाडा,4,छायाँनाथ रारा नगरपालिका,4
1344,6,58,कार्किबाडा,5,छायाँनाथ रारा नगरपालिका,5
1345,6,58,कार्किबाडा,6,छायाँनाथ रारा नगरपालिका,5
1346,6,58,कार्किबाडा,7,छायाँनाथ रारा नगरपालिका,5
1347,6,58,कार्किबाडा,8,छायाँनाथ रारा नगरपालिका,5
1348,6,58,पिना,5,छायाँनाथ रारा नगरपालिका,6
1349,6,58,पिना,6,छायाँनाथ रारा नगरपालिका,6
1350,6,58,पिना,7,छायाँनाथ रारा नगरपालिका,6
1351,6,58,पिना,8,छायाँनाथ रारा नगरपालिका,6
1352,6,58,पिना,1,छायाँनाथ रारा नगरपालिका,7
1353,6,58,पिना,2,छायाँनाथ रारा नगरपालिका,7
1354,6,58,पिना,9,छायाँनाथ रारा नगरपालिका,7
1355,6,58,पिना,3,छायाँनाथ रारा नगरपालिका,8
1356,6,58,पिना,4,छायाँनाथ रारा नगरपालिका,8
1357,6,58,रारा,8,छायाँनाथ रारा नगरपालिका,9
1358,6,58,रारा,9,छायाँनाथ रारा नगरपालिका,9
1359,6,58,रोवा,1,छायाँनाथ रारा नगरपालिका,10
1360,6,58,रोवा,2,छायाँनाथ रारा नगरपालिका,10
1361,6,58,रोवा,3,छायाँनाथ रारा नगरपालिका,10
1362,6,58,रोवा,4,छायाँनाथ रारा नगरपालिका,10
1363,6,58,रोवा,5,छायाँनाथ रारा नगरपालिका,11
1364,6,58,रोवा,6,छायाँनाथ रारा नगरपालिका,11
1365,6,58,रोवा,7,छायाँनाथ रारा नगरपालिका,12
1366,6,58,रोवा,8,छायाँनाथ रारा नगरपालिका,12
1367,6,58,रोवा,9,छायाँनाथ रारा नगरपालिका,12
1368,6,58,रुगा,1,छायाँनाथ रारा नगरपालिका,13
1369,6,58,रुगा,2,छायाँनाथ रारा नगरपालिका,13
1370,6,58,रुगा,3,छायाँनाथ रारा नगरपालिका,13
1371,6,58,रुगा,4,छायाँनाथ रारा नगरपालिका,13
1372,6,58,रुगा,5,छायाँनाथ रारा नगरपालिका,13
1373,6,58,रुगा,6,छायाँनाथ रारा नगरपालिका,14
1374,6,58,रुगा,7,छायाँनाथ रारा नगरपालिका,14
1375,6,58,रुगा,8,छायाँनाथ रारा नगरपालिका,14
1376,6,58,रुगा,9,छायाँनाथ रारा नगरपालिका,14
1377,6,58,डोल्फु,1,मुगुमकार्मारोंग गाउँपालिका,1
1378,6,58,डोल्फु,2,मुगुमकार्मारोंग गाउँपालिका,1
1379,6,58,डोल्फु,3,मुगुमकार्मारोंग गाउँपालिका,1
1380,6,58,डोल्फु,4,मुगुमकार्मारोंग गाउँपालिका,1
1381,6,58,डोल्फु,5,मुगुमकार्मारोंग गाउँपालिका,1
1382,6,58,डोल्फु,6,मुगुमकार्मारोंग गाउँपालिका,1
1383,6,58,डोल्फु,7,मुगुमकार्मारोंग गाउँपालिका,1
1384,6,58,डोल्फु,8,मुगुमकार्मारोंग गाउँपालिका,1
1385,6,58,डोल्फु,9,मुगुमकार्मारोंग गाउँपालिका,1
1386,6,58,मुगु,1,मुगुमकार्मारोंग गाउँपालिका,2
1387,6,58,मुगु,2,मुगुमकार्मारोंग गाउँपालिका,2
1388,6,58,मुगु,3,मुगुमकार्मारोंग गाउँपालिका,2
1389,6,58,मुगु,4,मुगुमकार्मारोंग गाउँपालिका,2
1390,6,58,मुगु,5,मुगुमकार्मारोंग गाउँपालिका,2
1391,6,58,मुगु,6,मुगुमकार्मारोंग गाउँपालिका,2
1392,6,58,मुगु,7,मुगुमकार्मारोंग गाउँपालिका,2
1393,6,58,मुगु,8,मुगुमकार्मारोंग गाउँपालिका,2
1394,6,58,मुगु,9,मुगुमकार्मारोंग गाउँपालिका,2
1395,6,58,किम्री,6,मुगुमकार्मारोंग गाउँपालिका,3
1396,6,58,किम्री,7,मुगुमकार्मारोंग गाउँपालिका,3
1397,6,58,किम्री,8,मुगुमकार्मारोंग गाउँपालिका,3
1398,6,58,किम्री,9,मुगुमकार्मारोंग गाउँपालिका,3
1399,6,58,किम्री,1,मुगुमकार्मारोंग गाउँपालिका,4
1400,6,58,किम्री,2,मुगुमकार्मारोंग गाउँपालिका,4
1401,6,58,किम्री,3,मुगुमकार्मारोंग गाउँपालिका,4
1402,6,58,किम्री,4,मुगुमकार्मारोंग गाउँपालिका,4
1403,6,58,किम्री,5,मुगुमकार्मारोंग गाउँपालिका,4
1404,6,58,पुलु,4,मुगुमकार्मारोंग गाउँपालिका,5
1405,6,58,पुलु,5,मुगुमकार्मारोंग गाउँपालिका,5
1406,6,58,पुलु,6,मुगुमकार्मारोंग गाउँपालिका,5
1407,6,58,पुलु,7,मुगुमकार्मारोंग गाउँपालिका,5
1408,6,58,पुलु,8,मुगुमकार्मारोंग गाउँपालिका,5
1409,6,58,पुलु,9,मुगुमकार्मारोंग गाउँपालिका,5
1410,6,58,पुलु,1,मुगुमकार्मारोंग गाउँपालिका,6
1411,6,58,पुलु,,मुगुमकार्मारोंग गाउँपालिका,6
1412,6,58,पुलु,3,मुगुमकार्मारोंग गाउँपालिका,6
1413,6,58,मांग्री,7,मुगुमकार्मारोंग गाउँपालिका,7
1414,6,58,मांग्री,8,मुगुमकार्मारोंग गाउँपालिका,7
1415,6,58,मांग्री,9,मुगुमकार्मारोंग गाउँपालिका,7
1416,6,58,मांग्री,5,मुगुमकार्मारोंग गाउँपालिका,8
1417,6,58,मांग्री,6,मुगुमकार्मारोंग गाउँपालिका,8
1418,6,58,मांग्री,1,मुगुमकार्मारोंग गाउँपालिका,9
1419,6,58,मांग्री,2,मुगुमकार्मारोंग गाउँपालिका,9
1420,6,58,मांग्री,3,मुगुमकार्मारोंग गाउँपालिका,9
1421,6,58,मांग्री,4,मुगुमकार्मारोंग गाउँपालिका,9
1422,6,58,नाथर्पु,1,सोरु गाउँपालिका,1
1423,6,58,नाथर्पु,2,सोरु गाउँपालिका,1
1424,6,58,नाथर्पु,3,सोरु गाउँपालिका,1
1425,6,58,नाथर्पु,4,सोरु गाउँपालिका,1
1426,6,58,नाथर्पु,9,सोरु गाउँपालिका,1
1427,6,58,नाथर्पु,5,सोरु गाउँपालिका,2
1428,6,58,नाथर्पु,6,सोरु गाउँपालिका,2
1429,6,58,नाथर्पु,7,सोरु गाउँपालिका,2
1430,6,58,नाथर्पु,8,सोरु गाउँपालिका,2
1431,6,58,भिई,1,सोरु गाउँपालिका,3
1432,6,58,भिई,2,सोरु गाउँपालिका,3
1433,6,58,भिई,3,सोरु गाउँपालिका,3
1434,6,58,भिई,4,सोरु गाउँपालिका,3
1435,6,58,भिई,5,सोरु गाउँपालिका,3
1436,6,58,भिई,6,सोरु गाउँपालिका,3
1437,6,58,भिई,7,सोरु गाउँपालिका,3
1438,6,58,भिई,8,सोरु गाउँपालिका,3
1439,6,58,भिई,9,सोरु गाउँपालिका,3
1440,6,58,फोतु,1,सोरु गाउँपालिका,4
1441,6,58,फोतु,2,सोरु गाउँपालिका,4
1442,6,58,फोतु,3,सोरु गाउँपालिका,4
1443,6,58,फोतु,4,सोरु गाउँपालिका,4
1444,6,58,फोतु,5,सोरु गाउँपालिका,4
1445,6,58,फोतु,6,सोरु गाउँपालिका,5
1446,6,58,फोतु,7,सोरु गाउँपालिका,5
1447,6,58,फोतु,8,सोरु गाउँपालिका,5
1448,6,58,फोतु,9,सोरु गाउँपालिका,5
1449,6,58,जिमा,3,सोरु गाउँपालिका,6
1450,6,58,जिमा,4,सोरु गाउँपालिका,6
1451,6,58,जिमा,5,सोरु गाउँपालिका,6
1452,6,58,जिमा,6,सोरु गाउँपालिका,6
1453,6,58,जिमा,7,सोरु गाउँपालिका,6
1454,6,58,जिमा,8,सोरु गाउँपालिका,6
1455,6,58,जिमा,9,सोरु गाउँपालिका,6
1456,6,58,जिमा,1,सोरु गाउँपालिका,7
1457,6,58,जिमा,2,सोरु गाउँपालिका,7
1458,6,58,रारा,1,सोरु गाउँपालिका,8
1459,6,58,रारा,2,सोरु गाउँपालिका,8
1460,6,58,रारा,3,सोरु गाउँपालिका,8
1461,6,58,रारा,4,सोरु गाउँपालिका,8
1462,6,58,रारा,5,सोरु गाउँपालिका,8
1463,6,58,रारा,6,सोरु गाउँपालिका,8
1464,6,58,रारा,7,सोरु गाउँपालिका,8
1465,6,58,कालै,1,सोरु गाउँपालिका,9
1466,6,58,कालै,2,सोरु गाउँपालिका,9
1467,6,58,कालै,3,सोरु गाउँपालिका,9
1468,6,58,कालै,4,सोरु गाउँपालिका,9
1469,6,58,कालै,5,सोरु गाउँपालिका,9
1470,6,58,कालै,6,सोरु गाउँपालिका,9
1471,6,58,कालै,7,सोरु गाउँपालिका,9
1472,6,58,कालै,8,सोरु गाउँपालिका,9
1473,6,58,कालै,9,सोरु गाउँपालिका,9
1474,6,58,धैनकोट,1,सोरु गाउँपालिका,10
1475,6,58,धैनकोट,2,सोरु गाउँपालिका,10
1476,6,58,धैनकोट,3,सोरु गाउँपालिका,10
1477,6,58,धैनकोट,4,सोरु गाउँपालिका,10
1478,6,58,धैनकोट,5,सोरु गाउँपालिका,10
1479,6,58,धैनकोट,6,सोरु गाउँपालिका,11
1480,6,58,धैनकोट,7,सोरु गाउँपालिका,11
1481,6,58,धैनकोट,8,सोरु गाउँपालिका,11
1482,6,58,धैनकोट,9,सोरु गाउँपालिका,11
1483,6,58,सेरी,1,खत्याड गाउँपालिका,1
1484,6,58,सेरी,2,खत्याड गाउँपालिका,1
1485,6,58,सेरी,3,खत्याड गाउँपालिका,1
1486,6,58,सेरी,5,खत्याड गाउँपालिका,1
1487,6,58,सेरी,4,खत्याड गाउँपालिका,2
1488,6,58,सेरी,6,खत्याड गाउँपालिका,2
1489,6,58,सेरी,7,खत्याड गाउँपालिका,2
1490,6,58,सेरी,8,खत्याड गाउँपालिका,2
1491,6,58,सेरी,9,खत्याड गाउँपालिका,2
1492,6,58,श्रीकोट,1,खत्याड गाउँपालिका,3
1493,6,58,श्रीकोट,2,खत्याड गाउँपालिका,3
1494,6,58,श्रीकोट,3,खत्याड गाउँपालिका,3
1495,6,58,श्रीकोट,4,खत्याड गाउँपालिका,3
1496,6,58,श्रीकोट,5,खत्याड गाउँपालिका,4
1497,6,58,श्रीकोट,6,खत्याड गाउँपालिका,4
1498,6,58,श्रीकोट,7,खत्याड गाउँपालिका,4
1499,6,58,श्रीकोट,8,खत्याड गाउँपालिका,4
1500,6,58,श्रीकोट,9,खत्याड गाउँपालिका,4
1501,6,58,खमाले,1,खत्याड गाउँपालिका,5
1502,6,58,खमाले,2,खत्याड गाउँपालिका,5
1503,6,58,खमाले,3,खत्याड गाउँपालिका,5
1504,6,58,खमाले,4,खत्याड गाउँपालिका,5
1505,6,58,खमाले,5,खत्याड गाउँपालिका,5
1506,6,58,खमाले,6,खत्याड गाउँपालिका,5
1507,6,58,खमाले,7,खत्याड गाउँपालिका,5
1508,6,58,खमाले,8,खत्याड गाउँपालिका,5
1509,6,58,खमाले,9,खत्याड गाउँपालिका,5
1510,6,58,गम्था,1,खत्याड गाउँपालिका,6
1511,6,58,गम्था,2,खत्याड गाउँपालिका,6
1512,6,58,गम्था,3,खत्याड गाउँपालिका,6
1513,6,58,गम्था,4,खत्याड गाउँपालिका,6
1514,6,58,गम्था,5,खत्याड गाउँपालिका,7
1515,6,58,गम्था,6,खत्याड गाउँपालिका,7
1516,6,58,गम्था,7,खत्याड गाउँपालिका,7
1517,6,58,गम्था,8,खत्याड गाउँपालिका,7
1518,6,58,गम्था,9,खत्याड गाउँपालिका,7
1519,6,58,सुकाढिक,1,खत्याड गाउँपालिका,8
1520,6,58,सुकाढिक,2,खत्याड गाउँपालिका,8
1521,6,58,सुकाढिक,3,खत्याड गाउँपालिका,8
1522,6,58,ह्याङलु,7,खत्याड गाउँपालिका,8
1523,6,58,ह्याङलु,8,खत्याड गाउँपालिका,8
1524,6,58,ह्याङलु,9,खत्याड गाउँपालिका,8
1525,6,58,सुकाढिक,4,खत्याड गाउँपालिका,9
1526,6,58,सुकाढिक,5,खत्याड गाउँपालिका,9
1527,6,58,सुकाढिक,6,खत्याड गाउँपालिका,9
1528,6,58,सुकाढिक,7,खत्याड गाउँपालिका,9
1529,6,58,सुकाढिक,8,खत्याड गाउँपालिका,9
1530,6,58,सुकाढिक,9,खत्याड गाउँपालिका,9
1531,6,58,ह्याङलु,1,खत्याड गाउँपालिका,10
1532,6,58,ह्याङलु,2,खत्याड गाउँपालिका,10
1533,6,58,ह्याङलु,3,खत्याड गाउँपालिका,10
1534,6,58,ह्याङलु,4,खत्याड गाउँपालिका,10
1535,6,58,ह्याङलु,5,खत्याड गाउँपालिका,10
1536,6,58,ह्याङलु,6,खत्याड गाउँपालिका,10
1537,6,58,कोटडाँडा,1,खत्याड गाउँपालिका,11
1538,6,58,कोटडाँडा,2,खत्याड गाउँपालिका,11
1539,6,58,कोटडाँडा,3,खत्याड गाउँपालिका,11
1540,6,58,कोटडाँडा,4,खत्याड गाउँपालिका,11
1541,6,58,कोटडाँडा,5,खत्याड गाउँपालिका,11
1542,6,58,कोटडाँडा,6,खत्याड गाउँपालिका,11
1543,6,58,कोटडाँडा,7,खत्याड गाउँपालिका,11
1544,6,58,कोटडाँडा,8,खत्याड गाउँपालिका,11
1545,6,58,कोटडाँडा,9,खत्याड गाउँपालिका,11
1546,6,59,चन्दननाथ,1,चन्दननाथ नगरपालिका,1
1547,6,59,चन्दननाथ,2,चन्दननाथ नगरपालिका,1
1548,6,59,चन्दननाथ,3,चन्दननाथ नगरपालिका,2
1549,6,59,चन्दननाथ,4,चन्दननाथ नगरपालिका,3
1550,6,59,चन्दननाथ,5,चन्दननाथ नगरपालिका,4
1551,6,59,चन्दननाथ,6,चन्दननाथ नगरपालिका,5
1552,6,59,चन्दननाथ,7,चन्दननाथ नगरपालिका,6
1553,6,59,चन्दननाथ,8,चन्दननाथ नगरपालिका,7
1554,6,59,चन्दननाथ,9,चन्दननाथ नगरपालिका,7
1555,6,59,चन्दननाथ,10,चन्दननाथ नगरपालिका,8
1556,6,59,चन्दननाथ,11,चन्दननाथ नगरपालिका,8
1557,6,59,चन्दननाथ,12,चन्दननाथ नगरपालिका,9
1558,6,59,चन्दननाथ,13,चन्दननाथ नगरपालिका,9
1559,6,59,चन्दननाथ,14,चन्दननाथ नगरपालिका,10
1560,6,59,चन्दननाथ,15,चन्दननाथ नगरपालिका,10
1561,6,59,बुम्रमाडीचौर,1,कनकासुन्दरी गाउँपालिका,1
1562,6,59,बुम्रमाडीचौर,2,कनकासुन्दरी गाउँपालिका,1
1563,6,59,बुम्रमाडीचौर,3,कनकासुन्दरी गाउँपालिका,1
1564,6,59,बुम्रमाडीचौर,4,कनकासुन्दरी गाउँपालिका,1
1565,6,59,बुम्रमाडीचौर,5,कनकासुन्दरी गाउँपालिका,1
1566,6,59,बुम्रमाडीचौर,6,कनकासुन्दरी गाउँपालिका,1
1567,6,59,बुम्रमाडीचौर,7,कनकासुन्दरी गाउँपालिका,1
1568,6,59,बुम्रमाडीचौर,8,कनकासुन्दरी गाउँपालिका,1
1569,6,59,बुम्रमाडीचौर,9,कनकासुन्दरी गाउँपालिका,1
1570,6,59,मालिकावोता,1,कनकासुन्दरी गाउँपालिका,2
1571,6,59,मालिकावोता,2,कनकासुन्दरी गाउँपालिका,2
1572,6,59,मालिकावोता,3,कनकासुन्दरी गाउँपालिका,2
1573,6,59,मालिकावोता,4,कनकासुन्दरी गाउँपालिका,2
1574,6,59,मालिकावोता,5,कनकासुन्दरी गाउँपालिका,2
1575,6,59,मालिकावोता,6,कनकासुन्दरी गाउँपालिका,2
1576,6,59,मालिकावोता,7,कनकासुन्दरी गाउँपालिका,2
1577,6,59,मालिकावोता,8,कनकासुन्दरी गाउँपालिका,2
1578,6,59,मालिकावोता,9,कनकासुन्दरी गाउँपालिका,2
1579,6,59,कनकासुन्दरी,1,कनकासुन्दरी गाउँपालिका,3
1580,6,59,कनकासुन्दरी,2,कनकासुन्दरी गाउँपालिका,3
1581,6,59,कनकासुन्दरी,3,कनकासुन्दरी गाउँपालिका,3
1582,6,59,कनकासुन्दरी,4,कनकासुन्दरी गाउँपालिका,3
1583,6,59,विराट,1,कनकासुन्दरी गाउँपालिका,3
1584,6,59,विराट,2,कनकासुन्दरी गाउँपालिका,3
1585,6,59,कनकासुन्दरी,5,कनकासुन्दरी गाउँपालिका,4
1586,6,59,कनकासुन्दरी,6,कनकासुन्दरी गाउँपालिका,4
1587,6,59,कनकासुन्दरी,7,कनकासुन्दरी गाउँपालिका,4
1588,6,59,कनकासुन्दरी,8,कनकासुन्दरी गाउँपालिका,4
1589,6,59,कनकासुन्दरी,9,कनकासुन्दरी गाउँपालिका,4
1590,6,59,विराट,3,कनकासुन्दरी गाउँपालिका,5
1591,6,59,विराट,4,कनकासुन्दरी गाउँपालिका,5
1592,6,59,विराट,8,कनकासुन्दरी गाउँपालिका,5
1593,6,59,विराट,9,कनकासुन्दरी गाउँपालिका,5
1594,6,59,विराट,5,कनकासुन्दरी गाउँपालिका,6
1595,6,59,विराट,6,कनकासुन्दरी गाउँपालिका,6
1596,6,59,विराट,7,कनकासुन्दरी गाउँपालिका,6
1597,6,59,पाण्डवगुफा,1,कनकासुन्दरी गाउँपालिका,7
1598,6,59,पाण्डवगुफा,2,कनकासुन्दरी गाउँपालिका,7
1599,6,59,पाण्डवगुफा,3,कनकासुन्दरी गाउँपालिका,7
1600,6,59,पाण्डवगुफा,4,कनकासुन्दरी गाउँपालिका,7
1601,6,59,पाण्डवगुफा,5,कनकासुन्दरी गाउँपालिका,8
1602,6,59,पाण्डवगुफा,6,कनकासुन्दरी गाउँपालिका,8
1603,6,59,पाण्डवगुफा,7,कनकासुन्दरी गाउँपालिका,8
1604,6,59,पाण्डवगुफा,8,कनकासुन्दरी गाउँपालिका,8
1605,6,59,पाण्डवगुफा,9,कनकासुन्दरी गाउँपालिका,8
1606,6,59,धापा,1,सिंजा गाउँपालिका,1
1607,6,59,धापा,2,सिंजा गाउँपालिका,1
1608,6,59,धापा,3,सिंजा गाउँपालिका,1
1609,6,59,धापा,4,सिंजा गाउँपालिका,1
1610,6,59,धापा,5,सिंजा गाउँपालिका,1
1611,6,59,धापा,6,सिंजा गाउँपालिका,2
1612,6,59,धापा,7,सिंजा गाउँपालिका,2
1613,6,59,धापा,8,सिंजा गाउँपालिका,2
1614,6,59,धापा,9,सिंजा गाउँपालिका,2
1615,6,59,शनिगाउँ,1,सिंजा गाउँपालिका,3
1616,6,59,नराकोट,1,सिंजा गाउँपालिका,3
1617,6,59,नराकोट,2,सिंजा गाउँपालिका,3
1618,6,59,नराकोट,3,सिंजा गाउँपालिका,3
1619,6,59,नराकोट,4,सिंजा गाउँपालिका,3
1620,6,59,नराकोट,7,सिंजा गाउँपालिका,3
1621,6,59,नराकोट,5,सिंजा गाउँपालिका,4
1622,6,59,नराकोट,6,सिंजा गाउँपालिका,4
1623,6,59,नराकोट,8,सिंजा गाउँपालिका,4
1624,6,59,नराकोट,9,सिंजा गाउँपालिका,4
1625,6,59,शनिगाउँ,2,सिंजा गाउँपालिका,5
1626,6,59,शनिगाउँ,3,सिंजा गाउँपालिका,5
1627,6,59,शनिगाउँ,4,सिंजा गाउँपालिका,5
1628,6,59,शनिगाउँ,5,सिंजा गाउँपालिका,5
1629,6,59,शनिगाउँ,6,सिंजा गाउँपालिका,6
1630,6,59,शनिगाउँ,7,सिंजा गाउँपालिका,6
1631,6,59,शनिगाउँ,8,सिंजा गाउँपालिका,6
1632,6,59,शनिगाउँ,9,सिंजा गाउँपालिका,6
1633,6,59,बड्की,1,हिमा गाउँपालिका,1
1634,6,59,बड्की,2,हिमा गाउँपालिका,1
1635,6,59,बड्की,9,हिमा गाउँपालिका,1
1636,6,59,बड्की,6,हिमा गाउँपालिका,2
1637,6,59,बड्की,7,हिमा गाउँपालिका,2
1638,6,59,बड्की,8,हिमा गाउँपालिका,2
1639,6,59,बड्की,3,हिमा गाउँपालिका,3
1640,6,59,बड्की,4,हिमा गाउँपालिका,3
1641,6,59,बड्की,5,हिमा गाउँपालिका,3
1642,6,59,कालिकाखेतु,1,हिमा गाउँपालिका,4
1643,6,59,कालिकाखेतु,2,हिमा गाउँपालिका,4
1644,6,59,कालिकाखेतु,3,हिमा गाउँपालिका,4
1645,6,59,कालिकाखेतु,4,हिमा गाउँपालिका,4
1646,6,59,कालिकाखेतु,5,हिमा गाउँपालिका,5
1647,6,59,कालिकाखेतु,6,हिमा गाउँपालिका,5
1648,6,59,कालिकाखेतु,7,हिमा गाउँपालिका,5
1649,6,59,कालिकाखेतु,8,हिमा गाउँपालिका,5
1650,6,59,कालिकाखेतु,9,हिमा गाउँपालिका,5
1651,6,59,महावैपाथरखोला,1,हिमा गाउँपालिका,6
1652,6,59,महावैपाथरखोला,2,हिमा गाउँपालिका,6
1653,6,59,महावैपाथरखोला,3,हिमा गाउँपालिका,6
1654,6,59,महावैपाथरखोला,4,हिमा गाउँपालिका,6
1655,6,59,महावैपाथरखोला,5,हिमा गाउँपालिका,6
1656,6,59,महावैपाथरखोला,6,हिमा गाउँपालिका,7
1657,6,59,महावैपाथरखोला,7,हिमा गाउँपालिका,7
1658,6,59,महावैपाथरखोला,8,हिमा गाउँपालिका,7
1659,6,59,महावैपाथरखोला,9,हिमा गाउँपालिका,7
1660,6,59,रारालिही,1,तिला गाउँपालिका,1
1661,6,59,रारालिही,2,तिला गाउँपालिका,1
1662,6,59,रारालिही,3,तिला गाउँपालिका,1
1663,6,59,रारालिही,4,तिला गाउँपालिका,1
1664,6,59,रारालिही,5,तिला गाउँपालिका,2
1665,6,59,रारालिही,6,तिला गाउँपालिका,2
1666,6,59,रारालिही,7,तिला गाउँपालिका,2
1667,6,59,रारालिही,8,तिला गाउँपालिका,2
1668,6,59,रारालिही,9,तिला गाउँपालिका,2
1669,6,59,कुँडारी,1,तिला गाउँपालिका,3
1670,6,59,कुँडारी,2,तिला गाउँपालिका,3
1671,6,59,कुँडारी,3,तिला गाउँपालिका,3
1672,6,59,कुँडारी,4,तिला गाउँपालिका,4
1673,6,59,कुँडारी,5,तिला गाउँपालिका,4
1674,6,59,कुँडारी,6,तिला गाउँपालिका,4
1675,6,59,कुँडारी,7,तिला गाउँपालिका,4
1676,6,59,कुँडारी,8,तिला गाउँपालिका,5
1677,6,59,कुँडारी,9,तिला गाउँपालिका,5
1678,6,59,घोडेमहादेव,1,तिला गाउँपालिका,6
1679,6,59,घोडेमहादेव,2,तिला गाउँपालिका,6
1680,6,59,घोडेमहादेव,3,तिला गाउँपालिका,6
1681,6,59,घोडेमहादेव,4,तिला गाउँपालिका,6
1682,6,59,घोडेमहादेव,5,तिला गाउँपालिका,6
1683,6,59,घोडेमहादेव,6,तिला गाउँपालिका,7
1684,6,59,घोडेमहादेव,7,तिला गाउँपालिका,7
1685,6,59,घोडेमहादेव,8,तिला गाउँपालिका,7
1686,6,59,घोडेमहादेव,9,तिला गाउँपालिका,7
1687,6,59,मालिकाठाँटा,1,तिला गाउँपालिका,8
1688,6,59,मालिकाठाँटा,2,तिला गाउँपालिका,8
1689,6,59,मालिकाठाँटा,3,तिला गाउँपालिका,8
1690,6,59,मालिकाठाँटा,4,तिला गाउँपालिका,9
1691,6,59,मालिकाठाँटा,5,तिला गाउँपालिका,9
1692,6,59,मालिकाठाँटा,6,तिला गाउँपालिका,9
1693,6,59,मालिकाठाँटा,7,तिला गाउँपालिका,9
1694,6,59,मालिकाठाँटा,8,तिला गाउँपालिका,9
1695,6,59,मालिकाठाँटा,9,तिला गाउँपालिका,9
1696,6,59,गुठिचौर,1,गुठिचौर गाउँपालिका,1
1697,6,59,गुठिचौर,2,गुठिचौर गाउँपालिका,1
1698,6,59,गुठिचौर,3,गुठिचौर गाउँपालिका,1
1699,6,59,गुठिचौर,4,गुठिचौर गाउँपालिका,1
1700,6,59,गुठिचौर,5,गुठिचौर गाउँपालिका,1
1701,6,59,गुठिचौर,6,गुठिचौर गाउँपालिका,2
1702,6,59,गुठिचौर,7,गुठिचौर गाउँपालिका,2
1703,6,59,गुठिचौर,8,गुठिचौर गाउँपालिका,2
1704,6,59,गुठिचौर,9,गुठिचौर गाउँपालिका,2
1705,6,59,गुठिचौर,1,गुठिचौर गाउँपालिका,3
1706,6,59,गर्ज्याङकोट,2,गुठिचौर गाउँपालिका,3
1707,6,59,गर्ज्याङकोट,3,गुठिचौर गाउँपालिका,3
1708,6,59,गर्ज्याङकोट,4,गुठिचौर गाउँपालिका,4
1709,6,59,गर्ज्याङकोट,5,गुठिचौर गाउँपालिका,4
1710,6,59,गर्ज्याङकोट,6,गुठिचौर गाउँपालिका,4
1711,6,59,गर्ज्याङकोट,7,गुठिचौर गाउँपालिका,4
1712,6,59,गर्ज्याङकोट,8,गुठिचौर गाउँपालिका,4
1713,6,59,गर्ज्याङकोट,9,गुठिचौर गाउँपालिका,4
1714,6,59,देपालगाउँ,1,गुठिचौर गाउँपालिका,5
1715,6,59,देपालगाउँ,2,गुठिचौर गाउँपालिका,5
1716,6,59,देपालगाउँ,3,गुठिचौर गाउँपालिका,5
1717,6,59,देपालगाउँ,4,गुठिचौर गाउँपालिका,5
1718,6,59,देपालगाउँ,5,गुठिचौर गाउँपालिका,5
1719,6,59,देपालगाउँ,6,गुठिचौर गाउँपालिका,5
1720,6,59,देपालगाउँ,7,गुठिचौर गाउँपालिका,5
1721,6,59,देपालगाउँ,8,गुठिचौर गाउँपालिका,5
1722,6,59,देपालगाउँ,9,गुठिचौर गाउँपालिका,5
1723,6,59,तातोपानी,1,तातोपानी गाउँपालिका,1
1724,6,59,तातोपानी,2,तातोपानी गाउँपालिका,1
1725,6,59,तातोपानी,3,तातोपानी गाउँपालिका,1
1726,6,59,तातोपानी,4,तातोपानी गाउँपालिका,2
1727,6,59,तातोपानी,5,तातोपानी गाउँपालिका,2
1728,6,59,तातोपानी,6,तातोपानी गाउँपालिका,2
1729,6,59,तातोपानी,7,तातोपानी गाउँपालिका,3
1730,6,59,तातोपानी,8,तातोपानी गाउँपालिका,3
1731,6,59,तातोपानी,9,तातोपानी गाउँपालिका,3
1732,6,59,हाँकु,1,तातोपानी गाउँपालिका,4
1733,6,59,हाँकु,2,तातोपानी गाउँपालिका,4
1734,6,59,हाँकु,3,तातोपानी गाउँपालिका,4
1735,6,59,हाँकु,4,तातोपानी गाउँपालिका,4
1736,6,59,हाँकु,5,तातोपानी गाउँपालिका,4
1737,6,59,हाँकु,6,तातोपानी गाउँपालिका,4
1738,6,59,हाँकु,7,तातोपानी गाउँपालिका,4
1739,6,59,हाँकु,8,तातोपानी गाउँपालिका,4
1740,6,59,हाँकु,9,तातोपानी गाउँपालिका,4
1741,6,59,लाम्रा,1,तातोपानी गाउँपालिका,5
1742,6,59,लाम्रा,2,तातोपानी गाउँपालिका,5
1743,6,59,लाम्रा,3,तातोपानी गाउँपालिका,5
1744,6,59,लाम्रा,4,तातोपानी गाउँपालिका,5
1745,6,59,लाम्रा,5,तातोपानी गाउँपालिका,5
1746,6,59,लाम्रा,6,तातोपानी गाउँपालिका,6
1747,6,59,लाम्रा,7,तातोपानी गाउँपालिका,6
1748,6,59,लाम्रा,8,तातोपानी गाउँपालिका,6
1749,6,59,लाम्रा,9,तातोपानी गाउँपालिका,6
1750,6,59,ताम्ती,1,तातोपानी गाउँपालिका,7
1751,6,59,ताम्ती,2,तातोपानी गाउँपालिका,7
1752,6,59,ताम्ती,3,तातोपानी गाउँपालिका,7
1753,6,59,ताम्ती,4,तातोपानी गाउँपालिका,7
1754,6,59,ताम्ती,5,तातोपानी गाउँपालिका,7
1755,6,59,ताम्ती,6,तातोपानी गाउँपालिका,8
1756,6,59,ताम्ती,7,तातोपानी गाउँपालिका,8
1757,6,59,ताम्ती,8,तातोपानी गाउँपालिका,8
1758,6,59,ताम्ती,9,तातोपानी गाउँपालिका,8
1759,6,59,पातारासी,6,पातारासी गाउँपालिका,1
1760,6,59,पातारासी,7,पातारासी गाउँपालिका,1
1761,6,59,पातारासी,8,पातारासी गाउँपालिका,1
1762,6,59,पातारासी,9,पातारासी गाउँपालिका,1
1763,6,59,पातारासी,1,पातारासी गाउँपालिका,2
1764,6,59,पातारासी,2,पातारासी गाउँपालिका,2
1765,6,59,पातारासी,3,पातारासी गाउँपालिका,2
1766,6,59,पातारासी,4,पातारासी गाउँपालिका,2
1767,6,59,पातारासी,5,पातारासी गाउँपालिका,2
1768,6,59,छुमचौर,1,पातारासी गाउँपालिका,3
1769,6,59,छुमचौर,2,पातारासी गाउँपालिका,3
1770,6,59,छुमचौर,3,पातारासी गाउँपालिका,3
1771,6,59,छुमचौर,4,पातारासी गाउँपालिका,3
1772,6,59,छुमचौर,5,पातारासी गाउँपालिका,3
1773,6,59,छुमचौर,6,पातारासी गाउँपालिका,3
1774,6,59,छुमचौर,7,पातारासी गाउँपालिका,3
1775,6,59,छुमचौर,8,पातारासी गाउँपालिका,3
1776,6,59,छुमचौर,9,पातारासी गाउँपालिका,3
1777,6,59,डिल्लीचौर,5,पातारासी गाउँपालिका,4
1778,6,59,डिल्लीचौर,6,पातारासी गाउँपालिका,4
1779,6,59,डिल्लीचौर,7,पातारासी गाउँपालिका,4
1780,6,59,डिल्लीचौर,8,पातारासी गाउँपालिका,4
1781,6,59,डिल्लीचौर,9,पातारासी गाउँपालिका,4
1782,6,59,डिल्लीचौर,1,पातारासी गाउँपालिका,5
1783,6,59,डिल्लीचौर,2,पातारासी गाउँपालिका,5
1784,6,59,डिल्लीचौर,3,पातारासी गाउँपालिका,5
1785,6,59,डिल्लीचौर,4,पातारासी गाउँपालिका,5
1786,6,59,पटमारा,3,पातारासी गाउँपालिका,6
1787,6,59,पटमारा,7,पातारासी गाउँपालिका,6
1788,6,59,पटमारा,8,पातारासी गाउँपालिका,6
1789,6,59,पटमारा,9,पातारासी गाउँपालिका,6
1790,6,59,पटमारा,1,पातारासी गाउँपालिका,7
1791,6,59,पटमारा,2,पातारासी गाउँपालिका,7
1792,6,59,पटमारा,4,पातारासी गाउँपालिका,7
1793,6,59,पटमारा,5,पातारासी गाउँपालिका,7
1794,6,59,पटमारा,6,पातारासी गाउँपालिका,7
1795,6,61,ठेहे,6,सिमकोट गाउँपालिका,1
1796,6,61,ठेहे,7,सिमकोट गाउँपालिका,1
1797,6,61,ठेहे,8,सिमकोट गाउँपालिका,1
1798,6,61,ठेहे,9,सिमकोट गाउँपालिका,1
1799,6,61,ठेहे,1,सिमकोट गाउँपालिका,2
1800,6,61,ठेहे,2,सिमकोट गाउँपालिका,2
1801,6,61,ठेहे,3,सिमकोट गाउँपालिका,2
1802,6,61,ठेहे,4,सिमकोट गाउँपालिका,2
1803,6,61,ठेहे,5,सिमकोट गाउँपालिका,2
1804,6,61,वरगाउँ,1,सिमकोट गाउँपालिका,3
1805,6,61,वरगाउँ,2,सिमकोट गाउँपालिका,3
1806,6,61,वरगाउँ,3,सिमकोट गाउँपालिका,3
1807,6,61,वरगाउँ,4,सिमकोट गाउँपालिका,3
1808,6,61,वरगाउँ,5,सिमकोट गाउँपालिका,3
1809,6,61,वरगाउँ,6,सिमकोट गाउँपालिका,3
1810,6,61,वरगाउँ,7,सिमकोट गाउँपालिका,3
1811,6,61,वरगाउँ,8,सिमकोट गाउँपालिका,3
1812,6,61,वरगाउँ,9,सिमकोट गाउँपालिका,3
1813,6,61,सिमकोट,7,सिमकोट गाउँपालिका,4
1814,6,61,सिमकोट,8,सिमकोट गाउँपालिका,4
1815,6,61,सिमकोट,9,सिमकोट गाउँपालिका,4
1816,6,61,सिमकोट,3,सिमकोट गाउँपालिका,5
1817,6,61,सिमकोट,4,सिमकोट गाउँपालिका,5
1818,6,61,सिमकोट,5,सिमकोट गाउँपालिका,5
1819,6,61,सिमकोट,6,सिमकोट गाउँपालिका,5
1820,6,61,सिमकोट,1,सिमकोट गाउँपालिका,6
1821,6,61,सिमकोट,2,सिमकोट गाउँपालिका,6
1822,6,61,डाँडाफाया,1,सिमकोट गाउँपालिका,7
1823,6,61,डाँडाफाया,2,सिमकोट गाउँपालिका,7
1824,6,61,डाँडाफाया,3,सिमकोट गाउँपालिका,7
1825,6,61,डाँडाफाया,4,सिमकोट गाउँपालिका,7
1826,6,61,डाँडाफाया,5,सिमकोट गाउँपालिका,7
1827,6,61,डाँडाफाया,6,सिमकोट गाउँपालिका,7
1828,6,61,डाँडाफाया,7,सिमकोट गाउँपालिका,7
1829,6,61,डाँडाफाया,8,सिमकोट गाउँपालिका,7
1830,6,61,डाँडाफाया,9,सिमकोट गाउँपालिका,7
1831,6,61,स्याडा,1,सिमकोट गाउँपालिका,8
1832,6,61,स्याडा,2,सिमकोट गाउँपालिका,8
1833,6,61,स्याडा,3,सिमकोट गाउँपालिका,8
1834,6,61,स्याडा,4,सिमकोट गाउँपालिका,8
1835,6,61,स्याडा,5,सिमकोट गाउँपालिका,8
1836,6,61,स्याडा,6,सिमकोट गाउँपालिका,8
1837,6,61,स्याडा,7,सिमकोट गाउँपालिका,8
1838,6,61,स्याडा,8,सिमकोट गाउँपालिका,8
1839,6,61,स्याडा,9,सिमकोट गाउँपालिका,8
1840,6,61,हेप्का,1,नाम्खा गाउँपालिका,1
1841,6,61,हेप्का,2,नाम्खा गाउँपालिका,1
1842,6,61,हेप्का,3,नाम्खा गाउँपालिका,1
1843,6,61,हेप्का,4,नाम्खा गाउँपालिका,1
1844,6,61,हेप्का,5,नाम्खा गाउँपालिका,1
1845,6,61,हेप्का,6,नाम्खा गाउँपालिका,1
1846,6,61,हेप्का,7,नाम्खा गाउँपालिका,1
1847,6,61,हेप्का,8,नाम्खा गाउँपालिका,1
1848,6,61,हेप्का,9,नाम्खा गाउँपालिका,1
1849,6,61,खगालगाउँ,6,नाम्खा गाउँपालिका,2
1850,6,61,खगालगाउँ,7,नाम्खा गाउँपालिका,2
1851,6,61,खगालगाउँ,8,नाम्खा गाउँपालिका,2
1852,6,61,खगालगाउँ,9,नाम्खा गाउँपालिका,2
1853,6,61,खगालगाउँ,1,नाम्खा गाउँपालिका,3
1854,6,61,खगालगाउँ,2,नाम्खा गाउँपालिका,3
1855,6,61,खगालगाउँ,3,नाम्खा गाउँपालिका,3
1856,6,61,खगालगाउँ,4,नाम्खा गाउँपालिका,3
1857,6,61,खगालगाउँ,5,नाम्खा गाउँपालिका,3
1858,6,61,मुचु,1,नाम्खा गाउँपालिका,4
1859,6,61,मुचु,2,नाम्खा गाउँपालिका,4
1860,6,61,मुचु,3,नाम्खा गाउँपालिका,4
1861,6,61,मुचु,4,नाम्खा गाउँपालिका,4
1862,6,61,मुचु,5,नाम्खा गाउँपालिका,4
1863,6,61,मुचु,6,नाम्खा गाउँपालिका,5
1864,6,61,मुचु,7,नाम्खा गाउँपालिका,5
1865,6,61,मुचु,8,नाम्खा गाउँपालिका,5
1866,6,61,मुचु,9,नाम्खा गाउँपालिका,5
1867,6,61,लिमी,1,नाम्खा गाउँपालिका,6
1868,6,61,लिमी,2,नाम्खा गाउँपालिका,6
1869,6,61,लिमी,3,नाम्खा गाउँपालिका,6
1870,6,61,लिमी,4,नाम्खा गाउँपालिका,6
1871,6,61,लिमी,5,नाम्खा गाउँपालिका,6
1872,6,61,लिमी,6,नाम्खा गाउँपालिका,6
1873,6,61,लिमी,7,नाम्खा गाउँपालिका,6
1874,6,61,लिमी,8,नाम्खा गाउँपालिका,6
1875,6,61,लिमी,9,नाम्खा गाउँपालिका,6
1876,6,61,लाली,1,खार्पुनाथ गाउँपालिका,1
1877,6,61,लाली,2,खार्पुनाथ गाउँपालिका,1
1878,6,61,लाली,3,खार्पुनाथ गाउँपालिका,1
1879,6,61,लाली,4,खार्पुनाथ गाउँपालिका,1
1880,6,61,लाली,5,खार्पुनाथ गाउँपालिका,1
1881,6,61,लाली,6,खार्पुनाथ गाउँपालिका,1
1882,6,61,लाली,7,खार्पुनाथ गाउँपालिका,1
1883,6,61,लाली,8,खार्पुनाथ गाउँपालिका,1
1884,6,61,लाली,9,खार्पुनाथ गाउँपालिका,1
1885,6,61,राया,5,खार्पुनाथ गाउँपालिका,2
1886,6,61,राया,6,खार्पुनाथ गाउँपालिका,2
1887,6,61,राया,7,खार्पुनाथ गाउँपालिका,2
1888,6,61,राया,8,खार्पुनाथ गाउँपालिका,2
1889,6,61,राया,9,खार्पुनाथ गाउँपालिका,2
1890,6,61,राया,1,खार्पुनाथ गाउँपालिका,3
1891,6,61,राया,2,खार्पुनाथ गाउँपालिका,3
1892,6,61,राया,3,खार्पुनाथ गाउँपालिका,3
1893,6,61,राया,4,खार्पुनाथ गाउँपालिका,3
1894,6,61,छिप्रा,1,खार्पुनाथ गाउँपालिका,4
1895,6,61,छिप्रा,2,खार्पुनाथ गाउँपालिका,4
1896,6,61,छिप्रा,3,खार्पुनाथ गाउँपालिका,4
1897,6,61,छिप्रा,4,खार्पुनाथ गाउँपालिका,4
1898,6,61,छिप्रा,5,खार्पुनाथ गाउँपालिका,4
1899,6,61,छिप्रा,6,खार्पुनाथ गाउँपालिका,4
1900,6,61,छिप्रा,7,खार्पुनाथ गाउँपालिका,4
1901,6,61,छिप्रा,8,खार्पुनाथ गाउँपालिका,4
1902,6,61,छिप्रा,9,खार्पुनाथ गाउँपालिका,4
1903,6,61,खार्पुनाथ,1,खार्पुनाथ गाउँपालिका,5
1904,6,61,खार्पुनाथ,2,खार्पुनाथ गाउँपालिका,5
1905,6,61,खार्पुनाथ,3,खार्पुनाथ गाउँपालिका,5
1906,6,61,खार्पुनाथ,4,खार्पुनाथ गाउँपालिका,5
1907,6,61,खार्पुनाथ,5,खार्पुनाथ गाउँपालिका,5
1908,6,61,खार्पुनाथ,6,खार्पुनाथ गाउँपालिका,5
1909,6,61,खार्पुनाथ,7,खार्पुनाथ गाउँपालिका,5
1910,6,61,खार्पुनाथ,8,खार्पुनाथ गाउँपालिका,5
1911,6,61,खार्पुनाथ,9,खार्पुनाथ गाउँपालिका,5
1912,6,61,जैर,1,सर्केगाड गाउँपालिका,1
1913,6,61,जैर,2,सर्केगाड गाउँपालिका,1
1914,6,61,जैर,3,सर्केगाड गाउँपालिका,1
1915,6,61,जैर,4,सर्केगाड गाउँपालिका,1
1916,6,61,जैर,5,सर्केगाड गाउँपालिका,1
1917,6,61,जैर,6,सर्केगाड गाउँपालिका,1
1918,6,61,जैर,7,सर्केगाड गाउँपालिका,1
1919,6,61,जैर,8,सर्केगाड गाउँपालिका,1
1920,6,61,जैर,9,सर्केगाड गाउँपालिका,1
1921,6,61,सर्केदेउ,1,सर्केगाड गाउँपालिका,2
1922,6,61,सर्केदेउ,2,सर्केगाड गाउँपालिका,2
1923,6,61,सर्केदेउ,3,सर्केगाड गाउँपालिका,2
1924,6,61,सर्केदेउ,4,सर्केगाड गाउँपालिका,2
1925,6,61,सर्केदेउ,9,सर्केगाड गाउँपालिका,2
1926,6,61,सर्केदेउ,5,सर्केगाड गाउँपालिका,3
1927,6,61,सर्केदेउ,6,सर्केगाड गाउँपालिका,3
1928,6,61,सर्केदेउ,7,सर्केगाड गाउँपालिका,3
1929,6,61,सर्केदेउ,8,सर्केगाड गाउँपालिका,3
1930,6,61,साया,1,सर्केगाड गाउँपालिका,4
1931,6,61,साया,2,सर्केगाड गाउँपालिका,4
1932,6,61,साया,3,सर्केगाड गाउँपालिका,4
1933,6,61,साया,4,सर्केगाड गाउँपालिका,4
1934,6,61,साया,5,सर्केगाड गाउँपालिका,4
1935,6,61,साया,6,सर्केगाड गाउँपालिका,4
1936,6,61,साया,7,सर्केगाड गाउँपालिका,4
1937,6,61,साया,8,सर्केगाड गाउँपालिका,4
1938,6,61,साया,9,सर्केगाड गाउँपालिका,4
1939,6,61,गोठी,1,सर्केगाड गाउँपालिका,5
1940,6,61,गोठी,2,सर्केगाड गाउँपालिका,5
1941,6,61,गोठी,4,सर्केगाड गाउँपालिका,5
1942,6,61,गोठी,5,सर्केगाड गाउँपालिका,5
1943,6,61,गोठी,6,सर्केगाड गाउँपालिका,5
1944,6,61,गोठी,7,सर्केगाड गाउँपालिका,5
1945,6,61,गोठी,8,सर्केगाड गाउँपालिका,5
1946,6,61,गोठी,9,सर्केगाड गाउँपालिका,5
1947,6,61,बराई,1,सर्केगाड गाउँपालिका,6
1948,6,61,बराई,2,सर्केगाड गाउँपालिका,6
1949,6,61,बराई,3,सर्केगाड गाउँपालिका,6
1950,6,61,बराई,4,सर्केगाड गाउँपालिका,6
1951,6,61,बराई,5,सर्केगाड गाउँपालिका,6
1952,6,61,बराई,6,सर्केगाड गाउँपालिका,6
1953,6,61,बराई,7,सर्केगाड गाउँपालिका,6
1954,6,61,बराई,8,सर्केगाड गाउँपालिका,6
1955,6,61,बराई,9,सर्केगाड गाउँपालिका,6
1956,6,61,रोडिकोट,5,सर्केगाड गाउँपालिका,7
1957,6,61,रोडिकोट,6,सर्केगाड गाउँपालिका,7
1958,6,61,रोडिकोट,7,सर्केगाड गाउँपालिका,7
1959,6,61,रोडिकोट,8,सर्केगाड गाउँपालिका,7
1960,6,61,रोडिकोट,9,सर्केगाड गाउँपालिका,7
1961,6,61,रोडिकोट,1,सर्केगाड गाउँपालिका,8
1962,6,61,रोडिकोट,2,सर्केगाड गाउँपालिका,8
1963,6,61,रोडिकोट,3,सर्केगाड गाउँपालिका,8
1964,6,61,रोडिकोट,4,सर्केगाड गाउँपालिका,8
1965,6,61,दार्मा,7,चंखेली गाउँपालिका,1
1966,6,61,दार्मा,8,चंखेली गाउँपालिका,1
1967,6,61,दार्मा,9,चंखेली गाउँपालिका,1
1968,6,61,दार्मा,1,चंखेली गाउँपालिका,2
1969,6,61,दार्मा,2,चंखेली गाउँपालिका,2
1970,6,61,दार्मा,3,चंखेली गाउँपालिका,2
1971,6,61,दार्मा,4,चंखेली गाउँपालिका,2
1972,6,61,दार्मा,5,चंखेली गाउँपालिका,2
1973,6,61,दार्मा,6,चंखेली गाउँपालिका,2
1974,6,61,मिमी,1,चंखेली गाउँपालिका,3
1975,6,61,मिमी,2,चंखेली गाउँपालिका,3
1976,6,61,मिमी,3,चंखेली गाउँपालिका,3
1977,6,61,मिमी,4,चंखेली गाउँपालिका,3
1978,6,61,मिमी,5,चंखेली गाउँपालिका,3
1979,6,61,मिमी,6,चंखेली गाउँपालिका,3
1980,6,61,मिमी,7,चंखेली गाउँपालिका,3
1981,6,61,मिमी,8,चंखेली गाउँपालिका,3
1982,6,61,मिमी,9,चंखेली गाउँपालिका,3
1983,6,61,श्रीमष्ठा,1,चंखेली गाउँपालिका,4
1984,6,61,श्रीमष्ठा,2,चंखेली गाउँपालिका,4
1985,6,61,श्रीमष्ठा,3,चंखेली गाउँपालिका,4
1986,6,61,श्रीमष्ठा,4,चंखेली गाउँपालिका,4
1987,6,61,श्रीमष्ठा,5,चंखेली गाउँपालिका,4
1988,6,61,श्रीमष्ठा,6,चंखेली गाउँपालिका,4
1989,6,61,श्रीमष्ठा,7,चंखेली गाउँपालिका,5
1990,6,61,श्रीमष्ठा,8,चंखेली गाउँपालिका,5
1991,6,61,श्रीमष्ठा,9,चंखेली गाउँपालिका,5
1992,6,61,मेल्छाम,1,चंखेली गाउँपालिका,6
1993,6,61,मेल्छाम,2,चंखेली गाउँपालिका,6
1994,6,61,मेल्छाम,3,चंखेली गाउँपालिका,6
1995,6,61,मेल्छाम,4,चंखेली गाउँपालिका,6
1996,6,61,मेल्छाम,5,चंखेली गाउँपालिका,6
1997,6,61,मेल्छाम,6,चंखेली गाउँपालिका,6
1998,6,61,मेल्छाम,7,चंखेली गाउँपालिका,6
1999,6,61,मेल्छाम,8,चंखेली गाउँपालिका,6
2000,6,61,मेल्छाम,9,चंखेली गाउँपालिका,6
2001,6,61,गोठी,3,चंखेली गाउँपालिका,6
2002,6,61,श्रीनगर,6,अदानचुलीगाउँपालिका,1
2003,6,61,श्रीनगर,7,अदानचुलीगाउँपालिका,1
2004,6,61,श्रीनगर,8,अदानचुलीगाउँपालिका,2
2005,6,61,श्रीनगर,1,अदानचुलीगाउँपालिका,2
2006,6,61,श्रीनगर,2,अदानचुलीगाउँपालिका,2
2007,6,61,श्रीनगर,3,अदानचुलीगाउँपालिका,2
2008,6,61,श्रीनगर,4,अदानचुलीगाउँपालिका,3
2009,6,61,श्रीनगर,5,अदानचुलीगाउँपालिका,3
2010,6,61,श्रीनगर,9,अदानचुलीगाउँपालिका,4
2011,6,61,कालिका,8,अदानचुलीगाउँपालिका,4
2012,6,61,कालिका,9,अदानचुलीगाउँपालिका,4
2013,6,61,कालिका,1,अदानचुलीगाउँपालिका,5
2014,6,61,कालिका,2,अदानचुलीगाउँपालिका,5
2015,6,61,कालिका,3,अदानचुलीगाउँपालिका,5
2016,6,61,कालिका,4,अदानचुलीगाउँपालिका,5
2017,6,61,कालिका,5,अदानचुलीगाउँपालिका,6
2018,6,61,कालिका,6,अदानचुलीगाउँपालिका,6
2019,6,61,कालिका,7,अदानचुलीगाउँपालिका,6
2020,6,61,मैला,8,ताँजाकोट गाउँपालिका,1
2021,6,61,मैला,9,ताँजाकोट गाउँपालिका,1
2022,6,61,मैला,1,ताँजाकोट गाउँपालिका,2
2023,6,61,मैला,2,ताँजाकोट गाउँपालिका,2
2024,6,61,मैला,3,ताँजाकोट गाउँपालिका,2
2025,6,61,मैला,4,ताँजाकोट गाउँपालिका,3
2026,6,61,मैला,5,ताँजाकोट गाउँपालिका,3
2027,6,61,मैला,7,ताँजाकोट गाउँपालिका,3
2028,6,61,मैला,6,ताँजाकोट गाउँपालिका,4
2029,6,61,मदना,1,ताँजाकोट गाउँपालिका,4
2030,6,61,मदना,2,ताँजाकोट गाउँपालिका,4
2031,6,61,मदना,3,ताँजाकोट गाउँपालिका,4
2032,6,61,मदना,4,ताँजाकोट गाउँपालिका,5
2033,6,61,मदना,5,ताँजाकोट गाउँपालिका,5
2034,6,61,मदना,6,ताँजाकोट गाउँपालिका,5
2035,6,61,मदना,7,ताँजाकोट गाउँपालिका,5
2036,6,61,मदना,8,ताँजाकोट गाउँपालिका,5
2037,6,61,मदना,9,ताँजाकोट गाउँपालिका,5
2038,6,60,मान्म,5,खाँडाचक्र नगरपालिका,1
2039,6,60,मान्म,1,खाँडाचक्र नगरपालिका,2
2040,6,60,मान्म,2,खाँडाचक्र नगरपालिका,2
2041,6,60,मान्म,3,खाँडाचक्र नगरपालिका,2
2042,6,60,मान्म,4,खाँडाचक्र नगरपालिका,2
2043,6,60,भर्ता,8,खाँडाचक्र नगरपालिका,2
2044,6,60,मान्म,8,खाँडाचक्र नगरपालिका,3
2045,6,60,मान्म,9,खाँडाचक्र नगरपालिका,3
2046,6,60,मान्म,6,खाँडाचक्र नगरपालिका,4
2047,6,60,मान्म,7,खाँडाचक्र नगरपालिका,4
2048,6,60,दाँहा,1,खाँडाचक्र नगरपालिका,5
2049,6,60,दाँहा,2,खाँडाचक्र नगरपालिका,5
2050,6,60,दाँहा,3,खाँडाचक्र नगरपालिका,5
2051,6,60,दाँहा,4,खाँडाचक्र नगरपालिका,6
2052,6,60,दाँहा,5,खाँडाचक्र नगरपालिका,6
2053,6,60,दाँहा,6,खाँडाचक्र नगरपालिका,6
2054,6,60,दाँहा,7,खाँडाचक्र नगरपालिका,6
2055,6,60,दाँहा,8,खाँडाचक्र नगरपालिका,7
2056,6,60,दाँहा,9,खाँडाचक्र नगरपालिका,7
2057,6,60,पाँखा,1,खाँडाचक्र नगरपालिका,8
2058,6,60,पाँखा,2,खाँडाचक्र नगरपालिका,8
2059,6,60,पाँखा,3,खाँडाचक्र नगरपालिका,8
2060,6,60,पाँखा,4,खाँडाचक्र नगरपालिका,8
2061,6,60,पाँखा,5,खाँडाचक्र नगरपालिका,9
2062,6,60,पाँखा,6,खाँडाचक्र नगरपालिका,9
2063,6,60,पाँखा,7,खाँडाचक्र नगरपालिका,9
2064,6,60,पाँखा,8,खाँडाचक्र नगरपालिका,10
2065,6,60,पाँखा,9,खाँडाचक्र नगरपालिका,10
2066,6,60,बदालकोट,1,खाँडाचक्र नगरपालिका,11
2067,6,60,बदालकोट,2,खाँडाचक्र नगरपालिका,11
2068,6,60,बदालकोट,3,खाँडाचक्र नगरपालिका,11
2069,6,60,सिपखाना,2,रास्कोट नगरपालिका,1
2070,6,60,सिपखाना,3,रास्कोट नगरपालिका,1
2071,6,60,सिपखाना,4,रास्कोट नगरपालिका,1
2072,6,60,सिपखाना,6,रास्कोट नगरपालिका,1
2073,6,60,सिपखाना,1,रास्कोट नगरपालिका,2
2074,6,60,सिपखाना,5,रास्कोट नगरपालिका,2
2075,6,60,सिपखाना,7,रास्कोट नगरपालिका,3
2076,6,60,सिपखाना,8,रास्कोट नगरपालिका,3
2077,6,60,सिपखाना,9,रास्कोट नगरपालिका,3
2078,6,60,स्यूना,1,रास्कोट नगरपालिका,4
2079,6,60,स्यूना,2,रास्कोट नगरपालिका,4
2080,6,60,स्यूना,3,रास्कोट नगरपालिका,4
2081,6,60,स्यूना,4,रास्कोट नगरपालिका,5
2082,6,60,स्यूना,5,रास्कोट नगरपालिका,5
2083,6,60,स्यूना,7,रास्कोट नगरपालिका,5
2084,6,60,स्यूना,6,रास्कोट नगरपालिका,6
2085,6,60,स्यूना,8,रास्कोट नगरपालिका,6
2086,6,60,स्यूना,9,रास्कोट नगरपालिका,6
2087,6,60,फुकोट,5,रास्कोट नगरपालिका,7
2088,6,60,फुकोट,6,रास्कोट नगरपालिका,7
2089,6,60,फुकोट,4,रास्कोट नगरपालिका,8
2090,6,60,फुकोट,7,रास्कोट नगरपालिका,8
2091,6,60,फुकोट,8,रास्कोट नगरपालिका,8
2092,6,60,फुकोट,9,रास्कोट नगरपालिका,8
2093,6,60,फुकोट,1,रास्कोट नगरपालिका,9
2094,6,60,फुकोट,2,रास्कोट नगरपालिका,9
2095,6,60,फुकोट,3,रास्कोट नगरपालिका,9
2096,6,60,फोइमहादेव,1,तिलागुफा नगरपालिका,1
2097,6,60,फोइमहादेव,2,तिलागुफा नगरपालिका,1
2098,6,60,फोइमहादेव,3,तिलागुफा नगरपालिका,1
2099,6,60,फोइमहादेव,4,तिलागुफा नगरपालिका,1
2100,6,60,फोइमहादेव,5,तिलागुफा नगरपालिका,1
2101,6,60,राँचुली,5,तिलागुफा नगरपालिका,2
2102,6,60,राँचुली,6,तिलागुफा नगरपालिका,2
2103,6,60,राँचुली,7,तिलागुफा नगरपालिका,2
2104,6,60,फोइमहादेव,6,तिलागुफा नगरपालिका,3
2105,6,60,फोइमहादेव,7,तिलागुफा नगरपालिका,3
2106,6,60,फोइमहादेव,8,तिलागुफा नगरपालिका,3
2107,6,60,फोइमहादेव,9,तिलागुफा नगरपालिका,3
2108,6,60,राँचुली,2,तिलागुफा नगरपालिका,4
2109,6,60,राँचुली,3,तिलागुफा नगरपालिका,4
2110,6,60,राँचुली,4,तिलागुफा नगरपालिका,4
2111,6,60,जुविथा,1,तिलागुफा नगरपालिका,5
2112,6,60,जुविथा,2,तिलागुफा नगरपालिका,5
2113,6,60,जुविथा,3,तिलागुफा नगरपालिका,5
2114,6,60,राँचुली,1,तिलागुफा नगरपालिका,5
2115,6,60,जुविथा,4,तिलागुफा नगरपालिका,6
2116,6,60,जुविथा,5,तिलागुफा नगरपालिका,6
2117,6,60,जुविथा,6,तिलागुफा नगरपालिका,6
2118,6,60,जुविथा,7,तिलागुफा नगरपालिका,6
2119,6,60,जुविथा,8,तिलागुफा नगरपालिका,6
2120,6,60,जुविथा,9,तिलागुफा नगरपालिका,6
2121,6,60,छाप्रे,1,तिलागुफा नगरपालिका,7
2122,6,60,छाप्रे,2,तिलागुफा नगरपालिका,7
2123,6,60,छाप्रे,3,तिलागुफा नगरपालिका,7
2124,6,60,छाप्रे,4,तिलागुफा नगरपालिका,7
2125,6,60,छाप्रे,5,तिलागुफा नगरपालिका,7
2126,6,60,छाप्रे,6,तिलागुफा नगरपालिका,7
2127,6,60,छाप्रे,7,तिलागुफा नगरपालिका,8
2128,6,60,छाप्रे,8,तिलागुफा नगरपालिका,8
2129,6,60,छाप्रे,9,तिलागुफा नगरपालिका,8
2130,6,60,राँचुली,8,तिलागुफा नगरपालिका,9
2131,6,60,राँचुली,9,तिलागुफा नगरपालिका,9
2132,6,60,चिल्खाया,1,तिलागुफा नगरपालिका,9
2133,6,60,चिल्खाया,2,तिलागुफा नगरपालिका,9
2134,6,60,चिल्खाया,6,तिलागुफा नगरपालिका,10
2135,6,60,चिल्खाया,7,तिलागुफा नगरपालिका,10
2136,6,60,चिल्खाया,8,तिलागुफा नगरपालिका,10
2137,6,60,चिल्खाया,3,तिलागुफा नगरपालिका,11
2138,6,60,चिल्खाया,4,तिलागुफा नगरपालिका,11
2139,6,60,चिल्खाया,5,तिलागुफा नगरपालिका,11
2140,6,60,बदालकोट,4,पचालझरना गाउँपालिका,1
2141,6,60,बदालकोट,5,पचालझरना गाउँपालिका,1
2142,6,60,बदालकोट,6,पचालझरना गाउँपालिका,1
2143,6,60,बदालकोट,7,पचालझरना गाउँपालिका,1
2144,6,60,बदालकोट,8,पचालझरना गाउँपालिका,2
2145,6,60,बदालकोट,9,पचालझरना गाउँपालिका,2
2146,6,60,राम्नाकोट,7,पचालझरना गाउँपालिका,3
2147,6,60,राम्नाकोट,8,पचालझरना गाउँपालिका,3
2148,6,60,राम्नाकोट,9,पचालझरना गाउँपालिका,3
2149,6,60,राम्नाकोट,5,पचालझरना गाउँपालिका,4
2150,6,60,राम्नाकोट,6,पचालझरना गाउँपालिका,4
2151,6,60,राम्नाकोट,1,पचालझरना गाउँपालिका,5
2152,6,60,राम्नाकोट,2,पचालझरना गाउँपालिका,5
2153,6,60,राम्नाकोट,3,पचालझरना गाउँपालिका,5
2154,6,60,राम्नाकोट,4,पचालझरना गाउँपालिका,5
2155,6,60,नानीकोट,1,पचालझरना गाउँपालिका,6
2156,6,60,नानीकोट,2,पचालझरना गाउँपालिका,6
2157,6,60,नानीकोट,3,पचालझरना गाउँपालिका,7
2158,6,60,नानीकोट,5,पचालझरना गाउँपालिका,7
2159,6,60,नानीकोट,4,पचालझरना गाउँपालिका,8
2160,6,60,नानीकोट,6,पचालझरना गाउँपालिका,8
2161,6,60,नानीकोट,7,पचालझरना गाउँपालिका,8
2162,6,60,नानीकोट,8,पचालझरना गाउँपालिका,9
2163,6,60,नानीकोट,9,पचालझरना गाउँपालिका,9
2164,6,60,रकु,1,सान्नी त्रिवेणी गाउँपालिका,1
2165,6,60,रकु,2,सान्नी त्रिवेणी गाउँपालिका,1
2166,6,60,रकु,4,सान्नी त्रिवेणी गाउँपालिका,1
2167,6,60,रकु,3,सान्नी त्रिवेणी गाउँपालिका,2
2168,6,60,रकु,5,सान्नी त्रिवेणी गाउँपालिका,2
2169,6,60,रकु,6,सान्नी त्रिवेणी गाउँपालिका,2
2170,6,60,रकु,7,सान्नी त्रिवेणी गाउँपालिका,3
2171,6,60,रकु,8,सान्नी त्रिवेणी गाउँपालिका,3
2172,6,60,रकु,9,सान्नी त्रिवेणी गाउँपालिका,3
2173,6,60,मेहलमडी,1,सान्नी त्रिवेणी गाउँपालिका,4
2174,6,60,मेहलमडी,2,सान्नी त्रिवेणी गाउँपालिका,4
2175,6,60,मेहलमडी,5,सान्नी त्रिवेणी गाउँपालिका,4
2176,6,60,मेहलमडी,3,सान्नी त्रिवेणी गाउँपालिका,5
2177,6,60,मेहलमडी,4,सान्नी त्रिवेणी गाउँपालिका,5
2178,6,60,मेहलमडी,6,सान्नी त्रिवेणी गाउँपालिका,5
2179,6,60,मेहलमडी,7,सान्नी त्रिवेणी गाउँपालिका,6
2180,6,60,मेहलमडी,8,सान्नी त्रिवेणी गाउँपालिका,6
2181,6,60,मेहलमडी,9,सान्नी त्रिवेणी गाउँपालिका,6
2182,6,60,मुम्रा,1,सान्नी त्रिवेणी गाउँपालिका,7
2183,6,60,मुम्रा,2,सान्नी त्रिवेणी गाउँपालिका,7
2184,6,60,मुम्रा,3,सान्नी त्रिवेणी गाउँपालिका,7
2185,6,60,मुम्रा,6,सान्नी त्रिवेणी गाउँपालिका,8
2186,6,60,मुम्रा,7,सान्नी त्रिवेणी गाउँपालिका,8
2187,6,60,मुम्रा,9,सान्नी त्रिवेणी गाउँपालिका,8
2188,6,60,मुम्रा,4,सान्नी त्रिवेणी गाउँपालिका,9
2189,6,60,मुम्रा,5,सान्नी त्रिवेणी गाउँपालिका,9
2190,6,60,मुम्रा,8,सान्नी त्रिवेणी गाउँपालिका,9
2191,6,60,कोटबाडा,3,नरहरिनाथ गाउँपालिका,1
2192,6,60,कोटबाडा,4,नरहरिनाथ गाउँपालिका,1
2193,6,60,कोटबाडा,5,नरहरिनाथ गाउँपालिका,1
2194,6,60,कोटबाडा,6,नरहरिनाथ गाउँपालिका,1
2195,6,60,कोटबाडा,7,नरहरिनाथ गाउँपालिका,1
2196,6,60,कोटबाडा,1,नरहरिनाथ गाउँपालिका,2
2197,6,60,कोटबाडा,2,नरहरिनाथ गाउँपालिका,2
2198,6,60,कोटबाडा,8,नरहरिनाथ गाउँपालिका,2
2199,6,60,कोटबाडा,9,नरहरिनाथ गाउँपालिका,2
2200,6,60,कुमालगाउँ,1,नरहरिनाथ गाउँपालिका,2
2201,6,60,कुमालगाउँ,2,नरहरिनाथ गाउँपालिका,2
2202,6,60,कुमालगाउँ,3,नरहरिनाथ गाउँपालिका,2
2203,6,60,कुमालगाउँ,4,नरहरिनाथ गाउँपालिका,3
2204,6,60,कुमालगाउँ,5,नरहरिनाथ गाउँपालिका,3
2205,6,60,कुमालगाउँ,6,नरहरिनाथ गाउँपालिका,3
2206,6,60,कुमालगाउँ,7,नरहरिनाथ गाउँपालिका,3
2207,6,60,कुमालगाउँ,8,नरहरिनाथ गाउँपालिका,3
2208,6,60,कुमालगाउँ,9,नरहरिनाथ गाउँपालिका,4
2209,6,60,रुप्सा,5,नरहरिनाथ गाउँपालिका,4
2210,6,60,रुप्सा,6,नरहरिनाथ गाउँपालिका,4
2211,6,60,रुप्सा,7,नरहरिनाथ गाउँपालिका,4
2212,6,60,रुप्सा,9,नरहरिनाथ गाउँपालिका,4
2213,6,60,रुप्सा,1,नरहरिनाथ गाउँपालिका,5
2214,6,60,रुप्सा,2,नरहरिनाथ गाउँपालिका,5
2215,6,60,रुप्सा,3,नरहरिनाथ गाउँपालिका,5
2216,6,60,रुप्सा,4,नरहरिनाथ गाउँपालिका,5
2217,6,60,रुप्सा,8,नरहरिनाथ गाउँपालिका,5
2218,6,60,मालकोट,1,नरहरिनाथ गाउँपालिका,6
2219,6,60,मालकोट,2,नरहरिनाथ गाउँपालिका,6
2220,6,60,मालकोट,3,नरहरिनाथ गाउँपालिका,6
2221,6,60,मालकोट,4,नरहरिनाथ गाउँपालिका,6
2222,6,60,मालकोट,5,नरहरिनाथ गाउँपालिका,6
2223,6,60,मालकोट,6,नरहरिनाथ गाउँपालिका,7
2224,6,60,मालकोट,7,नरहरिनाथ गाउँपालिका,7
2225,6,60,मालकोट,8,नरहरिनाथ गाउँपालिका,7
2226,6,60,मालकोट,9,नरहरिनाथ गाउँपालिका,7
2227,6,60,लालु,2,नरहरिनाथ गाउँपालिका,8
2228,6,60,लालु,4,नरहरिनाथ गाउँपालिका,8
2229,6,60,लालु,6,नरहरिनाथ गाउँपालिका,8
2230,6,60,लालु,7,नरहरिनाथ गाउँपालिका,8
2231,6,60,लालु,9,नरहरिनाथ गाउँपालिका,8
2232,6,60,लालु,1,नरहरिनाथ गाउँपालिका,9
2233,6,60,लालु,3,नरहरिनाथ गाउँपालिका,9
2234,6,60,लालु,5,नरहरिनाथ गाउँपालिका,9
2235,6,60,लालु,8,नरहरिनाथ गाउँपालिका,9
2236,6,60,भर्ता,6,कालिका गाउँपालिका,1
2237,6,60,भर्ता,5,कालिका गाउँपालिका,2
2238,6,60,भर्ता,7,कालिका गाउँपालिका,2
2239,6,60,भर्ता,9,कालिका गाउँपालिका,2
2240,6,60,भर्ता,1,कालिका गाउँपालिका,3
2241,6,60,भर्ता,2,कालिका गाउँपालिका,3
2242,6,60,भर्ता,3,कालिका गाउँपालिका,3
2243,6,60,भर्ता,4,कालिका गाउँपालिका,3
2244,6,60,सुकाटिया,1,कालिका गाउँपालिका,4
2245,6,60,सुकाटिया,2,कालिका गाउँपालिका,4
2246,6,60,सुकाटिया,3,कालिका गाउँपालिका,4
2247,6,60,सुकाटिया,4,कालिका गाउँपालिका,5
2248,6,60,सुकाटिया,5,कालिका गाउँपालिका,5
2249,6,60,सुकाटिया,6,कालिका गाउँपालिका,5
2250,6,60,सुकाटिया,7,कालिका गाउँपालिका,5
2251,6,60,सुकाटिया,8,कालिका गाउँपालिका,6
2252,6,60,सुकाटिया,9,कालिका गाउँपालिका,6
2253,6,60,कालिका (मुग्राहा),1,कालिका गाउँपालिका,7
2254,6,60,कालिका (मुग्राहा),2,कालिका गाउँपालिका,7
2255,6,60,कालिका (मुग्राहा),3,कालिका गाउँपालिका,7
2256,6,60,कालिका (मुग्राहा),5,कालिका गाउँपालिका,7
2257,6,60,कालिका (मुग्राहा),6,कालिका गाउँपालिका,7
2258,6,60,कालिका (मुग्राहा),4,कालिका गाउँपालिका,8
2259,6,60,कालिका (मुग्राहा),7,कालिका गाउँपालिका,8
2260,6,60,कालिका (मुग्राहा),8,कालिका गाउँपालिका,8
2261,6,60,कालिका (मुग्राहा),9,कालिका गाउँपालिका,8
2262,6,60,चिल्खाया,9,महावै गाउँपालिका,1
2263,6,60,ओदानकु,1,महावै गाउँपालिका,2
2264,6,60,ओदानकु,2,महावै गाउँपालिका,2
2265,6,60,ओदानकु,3,महावै गाउँपालिका,2
2266,6,60,ओदानकु,4,महावै गाउँपालिका,3
2267,6,60,ओदानकु,5,महावै गाउँपालिका,3
2268,6,60,ओदानकु,6,महावै गाउँपालिका,3
2269,6,60,ओदानकु,7,महावै गाउँपालिका,4
2270,6,60,ओदानकु,8,महावै गाउँपालिका,4
2271,6,60,ओदानकु,9,महावै गाउँपालिका,4
2272,6,60,गेला,1,महावै गाउँपालिका,5
2273,6,60,गेला,2,महावै गाउँपालिका,5
2274,6,60,गेला,3,महावै गाउँपालिका,5
2275,6,60,गेला,4,महावै गाउँपालिका,5
2276,6,60,गेला,5,महावै गाउँपालिका,6
2277,6,60,गेला,6,महावै गाउँपालिका,6
2278,6,60,गेला,7,महावै गाउँपालिका,6
2279,6,60,गेला,8,महावै गाउँपालिका,7
2280,6,60,गेला,9,महावै गाउँपालिका,7
2281,6,60,धौलागोह,6,पलाता गाउँपालिका,1
2282,6,60,धौलागोह,8,पलाता गाउँपालिका,1
2283,6,60,धौलागोह,9,पलाता गाउँपालिका,1
2284,6,60,धौलागोह,4,पलाता गाउँपालिका,2
2285,6,60,धौलागोह,5,पलाता गाउँपालिका,2
2286,6,60,धौलागोह,7,पलाता गाउँपालिका,2
2287,6,60,धौलागोह,1,पलाता गाउँपालिका,3
2288,6,60,धौलागोह,2,पलाता गाउँपालिका,3
2289,6,60,धौलागोह,3,पलाता गाउँपालिका,3
2290,6,60,खीन,4,पलाता गाउँपालिका,4
2291,6,60,खीन,7,पलाता गाउँपालिका,4
2292,6,60,खीन,8,पलाता गाउँपालिका,4
2293,6,60,खीन,5,पलाता गाउँपालिका,5
2294,6,60,खीन,6,पलाता गाउँपालिका,5
2295,6,60,खीन,9,पलाता गाउँपालिका,5
2296,6,60,खीन,1,पलाता गाउँपालिका,6
2297,6,60,खीन,2,पलाता गाउँपालिका,6
2298,6,60,खीन,3,पलाता गाउँपालिका,6
2299,6,60,थिर्पु,1,पलाता गाउँपालिका,7
2300,6,60,थिर्पु,7,पलाता गाउँपालिका,7
2301,6,60,थिर्पु,8,पलाता गाउँपालिका,7
2302,6,60,थिर्पु,5,पलाता गाउँपालिका,8
2303,6,60,थिर्पु,6,पलाता गाउँपालिका,8
2304,6,60,थिर्पु,9,पलाता गाउँपालिका,8
2305,6,60,थिर्पु,2,पलाता गाउँपालिका,9
2306,6,60,थिर्पु,3,पलाता गाउँपालिका,9
2307,6,60,थिर्पु,4,पलाता गाउँपालिका,9